metraj,Sale Sakht,otagh,location,price,floor
۸۷,۱۴۰۰,۲,لحظاتی پیش در تهران، مرزداران,۱۳٬۹۲۰٬۰۰۰٬۰۰۰ تومان,۷ از ۹
۹۸,۱۳۹۷,۲,دقایقی پیش در تهران، کوی فردوس,۱۰٬۶۰۰٬۰۰۰٬۰۰۰ تومان,۵
۶۰,۱۳۹۶,۱,لحظاتی پیش در تهران، ابراهیم‌آباد، میدان باقری (خیابان قاسم باقری),۱٬۵۶۰٬۰۰۰٬۰۰۰ تومان,۱ از ۴
۸۷,۱۳۹۴,۲,دقایقی پیش در تهران، سازمان برنامه,۹٬۵۰۰٬۰۰۰٬۰۰۰ تومان,۳
۱۷۰,۱۳۷۵,۳,دقایقی پیش در تهران، فرمانیه,۳۴٬۰۰۰٬۰۰۰٬۰۰۰ تومان,۲
۶۱,۱۳۹۵,۲,دقایقی پیش در تهران، اندیشه (شهر زیبا),۲٬۶۵۰٬۰۰۰٬۰۰۰ تومان,مشاور املاک
۱۰۵,۱۴۰۱,۲,دقایقی پیش در تهران، هروی,۱۴٬۰۰۰٬۰۰۰٬۰۰۰ تومان,۷ از ۱۱
۹۰,۱۳۸۷,۲,لحظاتی پیش در تهران، پونک,۱۰٬۷۵۰٬۰۰۰٬۰۰۰ تومان,۱ از ۴
۶۷,۱۳۸۳,۲,دقایقی پیش در تهران، جنت‌آباد جنوبی,۶٬۶۶۶٬۰۰۰٬۰۰۰ تومان,همکف از ۴
۹۱,۱۳۸۴,۲,لحظاتی پیش در تهران، شهرک نفت (منطقه ۵),۹٬۱۰۰٬۰۰۰٬۰۰۰ تومان,همکف
۸۸,۱۳۸۰,۲,لحظاتی پیش در تهران، سازمان برنامه,۹٬۵۹۰٬۰۰۰٬۰۰۰ تومان,۲ از ۳
۲۶۰,۱۳۹۵,۴,دقایقی پیش در تهران، قیطریه,۳۰٬۰۰۰٬۰۰۰٬۰۰۰ تومان,۲
۱۱۰,۱۳۸۹,۲,لحظاتی پیش در تهران، سعادت‌آباد,۱۶٬۰۰۰٬۰۰۰٬۰۰۰ تومان,۴ از ۵
۱۶۰,۱۳۹۵,۳,دقایقی پیش در تهران، شهرک راه‌آهن,۱۴٬۰۰۰٬۰۰۰٬۰۰۰ تومان,۱
۸۵,۱۴۰۱,۲,دقایقی پیش در تهران، نیاوران، سه راه یاسر,۲۲٬۶۰۰٬۰۰۰٬۰۰۰ تومان,۹
۱۰۲,۱۳۸۷,۲,دقایقی پیش در تهران، قیطریه,۱۳٬۲۰۰٬۰۰۰٬۰۰۰ تومان,۵
۱۲۸,۱۴۰۱,۲,دقایقی پیش در تهران، پاسداران,۱۵٬۳۶۰٬۰۰۰٬۰۰۰ تومان,۸ از ۱۲
۱۲۲,۱۳۹۰,۳,دقایقی پیش در تهران، سازمان برنامه,۱۲٬۰۰۰٬۰۰۰٬۰۰۰ تومان,۳ از ۵
۸۰,۱۳۹۶,۲,دقایقی پیش در تهران، ایران، کوچه مسجد آشتیانی ها (خ. درخشان),۶٬۲۸۰٬۰۰۰٬۰۰۰ تومان,شخصی
۷۳,۱۴۰۱,۱,دقایقی پیش در تهران، دریاچه شهدای خلیج فارس,۶٬۰۰۰٬۰۰۰٬۰۰۰ تومان,۵
۱۸۲,۱۳۸۵,۳,لحظاتی پیش در تهران، قیطریه,۱۸٬۶۰۰٬۰۰۰٬۰۰۰ تومان,۴
۹۶,۱۳۹۲,۲,لحظاتی پیش در تهران، قلهک,۱۲٬۸۰۰٬۰۰۰٬۰۰۰ تومان,۲
۱۰۲,۱۴۰۲,۲,لحظاتی پیش در تهران، وردآورد,۹۱۸٬۰۰۰٬۰۰۰ تومان,۱۰ از ۱۵
۹۴,۱۳۹۶,۲,لحظاتی پیش در تهران، پونک,۱۰٬۰۰۰٬۰۰۰٬۰۰۰ تومان,۵
۱۱۲,۱۴۰۲,۲,دقایقی پیش در تهران، شهرک راه‌آهن,۱۱٬۰۰۰٬۰۰۰٬۰۰۰ تومان,۳
۱۵۰,۱۴۰۱,۳,لحظاتی پیش در تهران، قبا,۲۴٬۷۵۰٬۰۰۰٬۰۰۰ تومان,۲
۴۶,۱۳۹۹,۱,لحظاتی پیش در تهران، مخصوص,۲٬۵۰۰٬۰۰۰٬۰۰۰ تومان,شخصی
۵۵۰,۱۳۹۹,+۴,دقایقی پیش در تهران، زعفرانیه,۱۶۵٬۰۰۰٬۰۰۰٬۰۰۰ تومان,۳ از ۵
۱۱۸,۱۴۰۲,۲,لحظاتی پیش در تهران، شهرک راه‌آهن,۱٬۹۵۰٬۰۰۰٬۰۰۰ تومان,۹ از ۱۲
۷۲,۱۳۹۵,۱,لحظاتی پیش در تهران، خانی‌آباد، خیابان مختاری شرقی (خ. وحدت اسلامی),۲٬۶۰۰٬۰۰۰٬۰۰۰ تومان,مشاور املاک
۱۱۷,۱۴۰۲,۲,دقایقی پیش در تهران، پاسداران,۱۵٬۰۰۰٬۰۰۰٬۰۰۰ تومان,۲
۵۴,۱۳۹۸,۱,دقایقی پیش در تهران، استاد معین,۳٬۶۰۰٬۰۰۰٬۰۰۰ تومان,۱ از ۵
۲۵۰,۱۴۰۱,۳,لحظاتی پیش در تهران، ولنجک,۷۵٬۰۰۰٬۰۰۰٬۰۰۰ تومان,۶ از ۱۵
۱۲۰,۱۳۷۱,۲,دقایقی پیش در تهران، دهکده المپیک,۸٬۲۰۰٬۰۰۰٬۰۰۰ تومان,۲
۵۵,۱۴۰۲,۱,دقایقی پیش در تهران، باغ فیض,۷٬۷۰۰٬۰۰۰٬۰۰۰ تومان,۲
۶۶,۱۳۹۴,۲,دقایقی پیش در تهران، چیتگر,۲٬۹۰۰٬۰۰۰٬۰۰۰ تومان,۲
۹۵,۱۳۸۰,۲,دقایقی پیش در تهران، پلیس، خیابان کلیم کاشانی (خ. شیخ صفی),۵٬۹۰۰٬۰۰۰٬۰۰۰ تومان,۴ از ۴
۱۰۰,۱۳۸۵,۲,دقایقی پیش در تهران، شهرک راه‌آهن,۸٬۲۰۰٬۰۰۰٬۰۰۰ تومان,۲
۵۸,۱۳۸۵,۲,دقایقی پیش در تهران، دولت‌آباد,۱٬۹۹۰٬۰۰۰٬۰۰۰ تومان,۴
۷۰,۱۳۹۳,۲,دقایقی پیش در تهران، ارم، خیابان بهار جنوبی (خ. طالقانی),۷٬۷۵۰٬۰۰۰٬۰۰۰ تومان,۵
۴۵,۱۳۸۱,۱,دقایقی پیش در تهران، سلسبیل,۲٬۶۵۰٬۰۰۰٬۰۰۰ تومان,۲ از ۴
۱۰۰,۱۴۰۱,۲,دقایقی پیش در تهران، چیتگر,۱٬۹۰۰٬۰۰۰٬۰۰۰ تومان,۱۹
۱۲۰,۱۳۹۸,۲,دقایقی پیش در تهران، آبشار تهران,۸٬۴۰۰٬۰۰۰٬۰۰۰ تومان,۱۰
۷۴,۱۴۰۲,۱,دقایقی پیش در تهران، پونک,۷٬۴۰۰٬۰۰۰٬۰۰۰ تومان,۸
۲۸۰,۱۳۹۲,۳,دقایقی پیش در تهران، امامزاده قاسم,۴۷٬۰۰۰٬۰۰۰٬۰۰۰ تومان,همکف
۸۶,۱۳۹۹,۲,دقایقی پیش در تهران، استاد معین,۷٬۰۰۰٬۰۰۰٬۰۰۰ تومان,۴
۱۱۵,۱۴۰۱,۲,دقایقی پیش در تهران، شهرک نفت (منطقه ۵),۱۴٬۹۰۰٬۰۰۰٬۰۰۰ تومان,مشاور املاک
۱۰۰,۱۴۰۱,۲,دقایقی پیش در تهران، چیتگر,۱٬۷۵۰٬۰۰۰٬۰۰۰ تومان,۲۰ از ۲۱
۱۶۴,۱۳۸۶,۳,دقایقی پیش در تهران، سعادت‌آباد,۲۲٬۰۰۰٬۰۰۰٬۰۰۰ تومان,۳
۱۱۴,۱۳۸۳,۲,دقایقی پیش در تهران، سعادت‌آباد,۱۲٬۳۰۰٬۰۰۰٬۰۰۰ تومان,۱
۶۰,۱۴۰۱,۱,دقایقی پیش در تهران، گیشا (کوی نصر),۱۲٬۰۰۰٬۰۰۰٬۰۰۰ تومان,۴
۱۴۶,۱۳۹۰,۳,دقایقی پیش در تهران، شهران جنوبی,۱۶٬۵۰۰٬۰۰۰٬۰۰۰ تومان,۵
۱۰۳,۱۴۰۱,۲,دقایقی پیش در تهران، حسین‌آباد,۱۲٬۸۹۰٬۰۰۰٬۰۰۰ تومان,۴
۱۳۲,۱۴۰۱,۳,دقایقی پیش در تهران، چیتگر,۱۴٬۵۰۰٬۰۰۰٬۰۰۰ تومان,۱۶
۱۱۵,۱۳۹۶,۲,دقایقی پیش در تهران، سعادت‌آباد,۲۸٬۲۵۰٬۰۰۰٬۰۰۰ تومان,۴
۹۵,۱۳۹۹,۲,دقایقی پیش در تهران، شوش,۳٬۶۰۰٬۰۰۰٬۰۰۰ تومان,مشاور املاک
۱۴۰,۱۴۰۱,۳,دقایقی پیش در تهران، گیشا (کوی نصر),۲۲٬۵۰۰٬۰۰۰٬۰۰۰ تومان,۳
۴۷,۱۳۸۰,۱,لحظاتی پیش در تهران، سلسبیل، کوچه دامپزشکی (خ. آذربایجان),۲٬۴۰۰٬۰۰۰٬۰۰۰ تومان,۳ از ۳
۲۷۰,۱۳۹۵,۴,لحظاتی پیش در تهران، فرمانیه,۴۰٬۰۰۰٬۰۰۰٬۰۰۰ تومان,۵ از ۶
۱۴۶,قبل از ۱۳۷۰,۳,لحظاتی پیش در تهران، اکباتان,۱۳٬۵۰۰٬۰۰۰٬۰۰۰ تومان,+۳۰
۸۴,۱۴۰۱,۲,لحظاتی پیش در تهران، استاد معین,۵٬۲۰۰٬۰۰۰٬۰۰۰ تومان,۲
۱۳۵,۱۴۰۲,۳,دقایقی پیش در تهران، چیتگر,۵٬۶۷۰٬۰۰۰٬۰۰۰ تومان,۳۰
۵۳,۱۳۸۲,۱,دقایقی پیش در تهران، جیحون,۲٬۷۴۵٬۰۰۰٬۰۰۰ تومان,۱
۳۳۰,۱۴۰۱,۴,دقایقی پیش در تهران، اقدسیه,۶۵٬۰۰۰٬۰۰۰٬۰۰۰ تومان,۲ از ۷
۹۰,۱۳۹۸,۲,دقایقی پیش در تهران، پونک,۹٬۵۴۰٬۰۰۰٬۰۰۰ تومان,۳
۱۲۰,۱۳۸۴,۳,لحظاتی پیش در تهران، پاسداران,۱۵٬۰۰۰٬۰۰۰٬۰۰۰ تومان,۳ از ۵
۶۲,۱۳۹۲,۱,لحظاتی پیش در تهران، شهرک آزادی,۴٬۶۵۰٬۰۰۰٬۰۰۰ تومان,۱
۵۸,۱۳۹۰,۱,دقایقی پیش در تهران، اسکندری,۳٬۲۰۰٬۰۰۰٬۰۰۰ تومان,شخصی
۵۵,۱۳۹۵,۱,دقایقی پیش در تهران، سلیمانی,۳٬۰۵۰٬۰۰۰٬۰۰۰ تومان,۳
۶۰,۱۳۹۸,۱,لحظاتی پیش در تهران، سعادت‌آباد,۱۱٬۹۰۰٬۰۰۰٬۰۰۰ تومان,۱
۱۵۶,۱۴۰۲,۳,دقایقی پیش در تهران، کوی فردوس,۱۷٬۰۰۰٬۰۰۰٬۰۰۰ تومان,۳
۷۵,۱۴۰۲,۲,لحظاتی پیش در تهران، استاد معین,۵٬۳۵۰٬۰۰۰٬۰۰۰ تومان,۲
۶۳,۱۳۷۷,۱,دقایقی پیش در تهران، جیحون، کوچه آطاهریان (خ. نوری),۳٬۵۰۰٬۰۰۰٬۰۰۰ تومان,همکف از ۲
۷۰,۱۳۷۵,۲,دقایقی پیش در تهران، سبلان، کوچه بی غم (خ. سبلان شمالی),۲٬۶۹۰٬۰۰۰٬۰۰۰ تومان,زیرهمکف از ۴
۶۰,۱۳۸۶,۱,دقایقی پیش در تهران، هاشمی,۳٬۹۵۰٬۰۰۰٬۰۰۰ تومان,۱ از ۴
۱۲۲,۱۴۰۰,۲,دقایقی پیش در تهران، ازگل,۱۲٬۵۰۰٬۰۰۰٬۰۰۰ تومان,مشاور املاک
۹۸,۱۳۹۹,۲,لحظاتی پیش در تهران، جنت‌آباد مرکزی,۱۲٬۱۰۰٬۰۰۰٬۰۰۰ تومان,۵
۱۲۶,۱۴۰۱,۲,دقایقی پیش در تهران، دریاچه شهدای خلیج فارس,۹٬۱۲۰٬۰۰۰٬۰۰۰ تومان,شخصی
۱۵۴,۱۴۰۲,۳,دقایقی پیش در تهران، چیتگر,۹٬۰۰۰٬۰۰۰٬۰۰۰ تومان,۱۸
۱۰۳,۱۳۹۶,۲,دقایقی پیش در تهران، وردآورد,۵٬۸۰۰٬۰۰۰٬۰۰۰ تومان,۱ از ۵
۴۵,۱۳۹۸,۱,دقایقی پیش در تهران، اندیشه (شهر زیبا),۲٬۴۰۰٬۰۰۰٬۰۰۰ تومان,۲ از ۶
۷۰,۱۳۹۱,۲,دقایقی پیش در تهران، جنت‌آباد جنوبی,۶٬۷۰۰٬۰۰۰٬۰۰۰ تومان,۳ از ۵
۵۱,۱۳۹۰,۱,دقایقی پیش در تهران، شهرک دریا,۳٬۸۲۰٬۰۰۰٬۰۰۰ تومان,شخصی
۱۵۰,۱۳۷۵,۳,دقایقی پیش در تهران، یوسف‌آباد,۱۶٬۷۰۰٬۰۰۰٬۰۰۰ تومان,۴
۳۴,۱۳۸۲,۱,دقایقی پیش در تهران، نازی‌آباد,۲٬۴۵۰٬۰۰۰٬۰۰۰ تومان,شخصی
۶۵,۱۳۸۳,۱,دقایقی پیش در تهران، افسریه,۳٬۵۵۰٬۰۰۰٬۰۰۰ تومان,شخصی
۱۱۹,۱۴۰۱,۲,دقایقی پیش در تهران، پاسداران,۱۴٬۵۰۰٬۰۰۰٬۰۰۰ تومان,۸ از ۱۱
۷۲,۱۳۹۱,۲,دقایقی پیش در تهران، مسعودیه,۳٬۲۵۰٬۰۰۰٬۰۰۰ تومان,۳ از ۴
۱۴۸,۱۴۰۱,۳,دقایقی پیش در تهران، مرزداران,۱۷٬۵۰۰٬۰۰۰٬۰۰۰ تومان,۵ از ۸
۵۲,۱۴۰۲,۱,دقایقی پیش در تهران، استاد معین,۴٬۲۰۰٬۰۰۰٬۰۰۰ تومان,۴ از ۵
۵۶,۱۳۸۶,۲,دقایقی پیش در تهران، سازمان برنامه,۵٬۷۵۰٬۰۰۰٬۰۰۰ تومان,۱ از ۵
۱۲۵,۱۴۰۰,۳,لحظاتی پیش در تهران، مرزداران,۱۷٬۵۰۰٬۰۰۰٬۰۰۰ تومان,۵ از ۵
۶۷,۱۳۸۲,۲,لحظاتی پیش در تهران، فردوسی,۴٬۷۰۰٬۰۰۰٬۰۰۰ تومان,۳
۱۷۵,۱۳۹۵,۳,لحظاتی پیش در تهران، هروی,۱۹٬۲۵۰٬۰۰۰٬۰۰۰ تومان,۲
۵۶,۱۳۹۴,۱,لحظاتی پیش در تهران، یافت‌آباد,۱٬۸۴۰٬۰۰۰٬۰۰۰ تومان,مشاور املاک
۴۹,۱۴۰۰,۱,لحظاتی پیش در تهران، بریانک,۳٬۲۰۰٬۰۰۰٬۰۰۰ تومان,شخصی
۱۱۵,۱۳۸۷,۲,لحظاتی پیش در تهران، زعفرانیه,۲۴٬۰۰۰٬۰۰۰٬۰۰۰ تومان,۴
۱۶۶,۱۳۹۵,۳,لحظاتی پیش در تهران، هروی,۲۰٬۰۰۰٬۰۰۰٬۰۰۰ تومان,۲
۱۴۲,۱۳۸۶,۳,لحظاتی پیش در تهران، هروی,۱۶٬۸۰۰٬۰۰۰٬۰۰۰ تومان,۱ از ۵
۲۳۰,۱۴۰۲,۳,دقایقی پیش در تهران، دروس,۶۸٬۰۰۰٬۰۰۰٬۰۰۰ تومان,۴ از ۱۰
۷۲,۱۳۹۴,۲,دقایقی پیش در تهران، نیاوران، خیابان منظریه دوم (خ. شهید باهنر),۸٬۳۰۰٬۰۰۰٬۰۰۰ تومان,۱
۵۷,۱۳۸۵,۱,لحظاتی پیش در تهران، افسریه,۲٬۹۳۰٬۰۰۰٬۰۰۰ تومان,مشاور املاک
۱۴۰,۱۳۹۱,۳,دقایقی پیش در تهران، حکیمیه,۹٬۷۰۰٬۰۰۰٬۰۰۰ تومان,۵ از ۵
۴۲۰,۱۳۹۳,۴,لحظاتی پیش در تهران، فرمانیه,۱۰۵٬۰۰۰٬۰۰۰٬۰۰۰ تومان,۹
۶۵,۱۳۸۸,۱,لحظاتی پیش در تهران، شهرک راه‌آهن,۶٬۰۳۰٬۰۰۰٬۰۰۰ تومان,۳ از ۳
۷۰,۱۳۸۹,۲,لحظاتی پیش در تهران، دهکده المپیک,۴٬۹۶۰٬۰۰۰٬۰۰۰ تومان,۲ از ۴
۸۵,۱۳۹۵,۲,لحظاتی پیش در تهران، گیشا (کوی نصر),۱۱٬۹۰۰٬۰۰۰٬۰۰۰ تومان,شخصی
۱۷۷,۱۳۸۵,۳,لحظاتی پیش در تهران، شهر زیبا,۱۳٬۵۰۰٬۰۰۰٬۰۰۰ تومان,۱ از ۱۰
۱۱۰,۱۴۰۲,۲,لحظاتی پیش در تهران، آجودانیه,۱۵٬۴۰۰٬۰۰۰٬۰۰۰ تومان,۹ از ۱۱
۷۰,۱۳۹۵,۲,لحظاتی پیش در تهران، شهرک کیانشهر,۳٬۵۰۰٬۰۰۰٬۰۰۰ تومان,۳ از ۵
۱۱۰,۱۳۹۴,۲,لحظاتی پیش در تهران، شهرک راه‌آهن,۷٬۱۰۰٬۰۰۰٬۰۰۰ تومان,۱ از ۴
۵۰,۱۳۹۴,۱,لحظاتی پیش در تهران، شهرک کیانشهر,۲٬۳۹۰٬۰۰۰٬۰۰۰ تومان,۳ از ۵
۸۳,۱۴۰۱,۲,لحظاتی پیش در تهران، شهرک کیانشهر,۴٬۱۹۹٬۰۰۰٬۰۰۰ تومان,۳ از ۴
۶۰,۱۳۹۵,۱,لحظاتی پیش در تهران، شهرک کیانشهر,۲٬۹۰۰٬۰۰۰٬۰۰۰ تومان,۲ از ۵
۶۱,۱۳۹۳,۱,لحظاتی پیش در تهران، شهرک کیانشهر,۲٬۷۴۰٬۰۰۰٬۰۰۰ تومان,۵ از ۵
۷۷,۱۳۷۲,۲,لحظاتی پیش در تهران، شهرک کیانشهر,۲٬۶۹۹٬۰۰۰٬۰۰۰ تومان,۴ از ۵
۱۳۸,۱۳۹۹,۲,لحظاتی پیش در تهران، دریاچه شهدای خلیج فارس,۶٬۵۰۰٬۰۰۰٬۰۰۰ تومان,۱۲
۱۳۲,۱۴۰۱,۳,دقایقی پیش در تهران، پاسداران,۱۸٬۵۰۰٬۰۰۰٬۰۰۰ تومان,۵
۱۴۴,۱۴۰۰,۳,دقایقی پیش در تهران، ظفر,۲۱٬۵۰۰٬۰۰۰٬۰۰۰ تومان,۳
۴۹,۱۳۸۳,۱,دقایقی پیش در تهران، آهنگ، بزرگراه محلاتی (خیابان ری),۳٬۲۰۰٬۰۰۰٬۰۰۰ تومان,شخصی
۷۶,۱۳۸۷,۲,دقایقی پیش در تهران، پونک,۷٬۴۰۰٬۰۰۰٬۰۰۰ تومان,۵
۱۱۰,۱۴۰۱,۲,دقایقی پیش در تهران، ستارخان,۹٬۳۰۰٬۰۰۰٬۰۰۰ تومان,۵ از ۶
۷۸,۱۳۹۴,۲,لحظاتی پیش در تهران، شهرک پرواز,۸٬۶۰۰٬۰۰۰٬۰۰۰ تومان,۳
۹۴,۱۳۹۹,۲,لحظاتی پیش در تهران، دربند,۱۴٬۲۰۰٬۰۰۰٬۰۰۰ تومان,۵
۸۵,۱۴۰۱,۲,دقایقی پیش در تهران، جنت‌آباد مرکزی,۱۰٬۳۰۰٬۰۰۰٬۰۰۰ تومان,۵
۱۵۵,۱۳۹۵,۳,دقایقی پیش در تهران، نیاوران,۲۲٬۵۰۰٬۰۰۰٬۰۰۰ تومان,۳
۱۲۰,۱۴۰۱,۳,لحظاتی پیش در تهران، چیتگر، خیابان اردستانی,۳٬۰۶۰٬۰۰۰٬۰۰۰ تومان,۱۶ از ۲۴
۹۴,۱۳۷۶,۲,دقایقی پیش در تهران، کوی فردوس، بلوار فردوس (ب. ستاری),۷٬۶۰۰٬۰۰۰٬۰۰۰ تومان,شخصی
۸۷,۱۴۰۰,۲,دقایقی پیش در تهران، دریان‌نو,۹٬۳۴۰٬۰۰۰٬۰۰۰ تومان,۵
۸۰,۱۳۹۱,۲,دقایقی پیش در تهران، هروی,۸٬۸۰۰٬۰۰۰٬۰۰۰ تومان,۳
۱۰۰,۱۴۰۲,۲,دقایقی پیش در تهران، دریاچه شهدای خلیج فارس,۲٬۸۰۰٬۰۰۰٬۰۰۰ تومان,۹ از ۱۵
۱۶۵,۱۴۰۰,۳,دقایقی پیش در تهران، زعفرانیه,۴۸٬۰۰۰٬۰۰۰٬۰۰۰ تومان,۳
۵۳,۱۳۹۶,۱,دقایقی پیش در تهران، جیحون,۳٬۲۰۰٬۰۰۰٬۰۰۰ تومان,۴ از ۴
۱۵۵,۱۳۹۶,۳,دقایقی پیش در تهران، سعادت‌آباد، میدان طهرانی مقدم (بلوار سعادت آباد),۳۱٬۰۰۰٬۰۰۰٬۰۰۰ تومان,۲ از ۵
۶۴,۱۳۹۳,۱,لحظاتی پیش در تهران، دکتر هوشیار,۴٬۵۰۰٬۰۰۰٬۰۰۰ تومان,۱ از ۴
۳۵۸,۱۳۹۵,۴,لحظاتی پیش در تهران، نیاوران، خیابان فیضیه (خ. شهید باهنر),۸۱٬۰۰۰٬۰۰۰٬۰۰۰ تومان,۹ از ۱۰
۸۵,۱۳۸۱,۲,لحظاتی پیش در تهران، صادقیه,۷٬۴۵۰٬۰۰۰٬۰۰۰ تومان,۲ از ۴
۶۳,۱۳۸۹,۲,دقایقی پیش در تهران، جیحون,۴٬۰۰۰٬۰۰۰٬۰۰۰ تومان,۱ از ۴
۲۰۰,۱۳۸۵,۳,لحظاتی پیش در تهران، ولنجک,۳۱٬۰۰۰٬۰۰۰٬۰۰۰ تومان,۹
۱۰۰,۱۴۰۱,۲,دقایقی پیش در تهران، چیتگر,۲٬۸۰۰٬۰۰۰٬۰۰۰ تومان,۱۵
۱۰۰,۱۴۰۱,۲,دقایقی پیش در تهران، چیتگر,۲٬۸۰۰٬۰۰۰٬۰۰۰ تومان,۱۰
۶۷,۱۳۸۹,۱,دقایقی پیش در تهران، کوی فردوس,۷٬۳۰۰٬۰۰۰٬۰۰۰ تومان,۳ از ۵
۱۳۲,۱۴۰۲,۳,لحظاتی پیش در تهران، سعادت‌آباد، خیابان محمدعلی کشاورز (خیابان اوین),۳۳٬۰۰۰٬۰۰۰٬۰۰۰ تومان,۵ از ۵
۱۴۸,۱۴۰۰,۳,لحظاتی پیش در تهران، سعادت‌آباد، خیابان علامه طباطبایی جنوبی (بلوار فرهنگ),۲۸٬۰۰۰٬۰۰۰٬۰۰۰ تومان,۲ از ۶
۴۸,۱۴۰۲,۱,دقایقی پیش در تهران، آذربایجان,۳٬۹۰۵٬۰۰۰٬۰۰۰ تومان,۱ از ۴
۱۱۴,۱۴۰۲,۲,دقایقی پیش در تهران، سعادت‌آباد,۱۸٬۰۸۰٬۰۰۰٬۰۰۰ تومان,۶ از ۶
۱۵۵,۱۳۸۴,۳,دقایقی پیش در تهران، دروس,۲۱٬۰۰۰٬۰۰۰٬۰۰۰ تومان,۲
۱۱۰,۱۴۰۱,۲,دقایقی پیش در تهران، سهروردی، خیابان سهروردی جنوبی (خیابان سهروردی شمالی),۱۴٬۳۰۰٬۰۰۰٬۰۰۰ تومان,۴ از ۶
۱۲۵,۱۴۰۰,۳,دقایقی پیش در تهران، مبارک‌آباد بهشتی,۳٬۱۲۵٬۰۰۰٬۰۰۰ تومان,۴
۱۳۰,۱۴۰۱,۲,دقایقی پیش در تهران، قبا,۱۸٬۰۰۰٬۰۰۰٬۰۰۰ تومان,۴
۸۶,۱۳۸۲,۲,دقایقی پیش در تهران، تهران‌نو,۵٬۱۶۰٬۰۰۰٬۰۰۰ تومان,۲ از ۴
۷۹,۱۴۰۱,۲,دقایقی پیش در تهران، آذربایجان، خیابان قصرالدشت (خیابان دامپزشکی),۷٬۵۰۰٬۰۰۰٬۰۰۰ تومان,۴
۱۱۰,۱۴۰۱,۲,دقایقی پیش در تهران، دروس,۱۸٬۷۰۰٬۰۰۰٬۰۰۰ تومان,۳
۱۴۸,۱۴۰۲,۲,دقایقی پیش در تهران، جردن,۲۸٬۸۰۰٬۰۰۰٬۰۰۰ تومان,۲
۴۴,۱۳۸۳,۱,دقایقی پیش در تهران، مرزداران,۴٬۴۸۸٬۰۰۰٬۰۰۰ تومان,۲
۴۰۰,۱۳۸۹,۴,دقایقی پیش در تهران، نیاوران، سه راه یاسر,۷۸٬۶۵۰٬۰۰۰٬۰۰۰ تومان,۳ از ۵
۸۸,۱۳۸۶,۲,دقایقی پیش در تهران، شهرک راه‌آهن,۸٬۴۰۰٬۰۰۰٬۰۰۰ تومان,شخصی
۱۳۵,۱۳۷۸,۳,لحظاتی پیش در تهران، صادقیه,۱۰٬۰۰۰٬۰۰۰٬۰۰۰ تومان,۳ از ۴
۷۷,۱۴۰۰,۲,دقایقی پیش در تهران، اندیشه (شهر زیبا),۷٬۰۵۰٬۰۰۰٬۰۰۰ تومان,۱
۱۵۰,۱۴۰۱,۳,دقایقی پیش در تهران، نیاوران,۲۶٬۰۰۰٬۰۰۰٬۰۰۰ تومان,۱
۱۳۸,۱۴۰۲,۳,دقایقی پیش در تهران، دریاچه شهدای خلیج فارس,۲٬۲۵۰٬۰۰۰٬۰۰۰ تومان,۶
۴۲,۱۳۸۴,۱,دقایقی پیش در تهران، استاد معین,۲٬۶۵۰٬۰۰۰٬۰۰۰ تومان,۳ از ۳
۱۰۰,۱۳۸۱,۲,دقایقی پیش در تهران، دربند,۱۰٬۰۰۰٬۰۰۰٬۰۰۰ تومان,شخصی
۱۰۱,۱۴۰۱,۲,دقایقی پیش در تهران، هروی,۱۳٬۲۰۰٬۰۰۰٬۰۰۰ تومان,۴ از ۱۱
۱۲۰,۱۳۸۵,۲,دقایقی پیش در تهران، اختیاریه,۱۵٬۶۰۰٬۰۰۰٬۰۰۰ تومان,۲
۱۱۵,۱۳۹۰,۳,دقایقی پیش در تهران، قیطریه,۲۰٬۰۰۰٬۰۰۰٬۰۰۰ تومان,۳
۱۲۵,۱۳۸۲,۳,دقایقی پیش در تهران، قیطریه,۱۴٬۵۰۰٬۰۰۰٬۰۰۰ تومان,۴
۱۰۶,۱۴۰۲,۲,دقایقی پیش در تهران، درب دوم,۱۸٬۹۰۰٬۰۰۰٬۰۰۰ تومان,۳
۱۸۲,۱۳۹۵,۳,دقایقی پیش در تهران، شریف، خیابان اردستانی,۱۸٬۲۰۰٬۰۰۰٬۰۰۰ تومان,شخصی
۱۴۰,۱۳۹۸,۳,دقایقی پیش در تهران، کوهک,۱۰٬۰۰۰٬۰۰۰٬۰۰۰ تومان,۷
۶۳,۱۴۰۰,۲,دقایقی پیش در تهران، جیحون,۴٬۳۰۰٬۰۰۰٬۰۰۰ تومان,۱
۱۱۰,۱۳۹۴,۲,دقایقی پیش در تهران، مرزداران,۱۳٬۸۰۰٬۰۰۰٬۰۰۰ تومان,۳ از ۵
۶۶,۱۳۸۹,۱,دقایقی پیش در تهران، خلیج فارس,۳٬۲۸۰٬۰۰۰٬۰۰۰ تومان,شخصی
۴۹,۱۳۸۲,۱,دقایقی پیش در تهران، هاشمی، خیابان آریانا (مالک اشتر) (خ. دستغیب),۳٬۱۰۰٬۰۰۰٬۰۰۰ تومان,شخصی
۷۳,۱۳۹۹,۲,دقایقی پیش در تهران، دکتر هوشیار,۵٬۲۹۰٬۰۰۰٬۰۰۰ تومان,۱
۸۰,۱۳۸۶,۲,دقایقی پیش در تهران، سازمان آب,۷٬۴۵۰٬۰۰۰٬۰۰۰ تومان,۱
۱۲۰,۱۴۰۱,۲,دقایقی پیش در تهران، چیتگر,۳٬۳۶۰٬۰۰۰٬۰۰۰ تومان,۱
۷۰,۱۴۰۲,۱,دقایقی پیش در تهران، سازمان برنامه، کوچه سازمان برنامه جنوبی (بلوار ناصر حجازی),۷٬۵۵۰٬۰۰۰٬۰۰۰ تومان,۵
۷۳,۱۳۹۹,۲,لحظاتی پیش در تهران، جیحون، خیابان دامپزشکی (ب. آیت الله سعیدی),۵٬۲۸۵٬۰۰۰٬۰۰۰ تومان,۱ از ۴
۲۰۰,۱۴۰۱,۳,لحظاتی پیش در تهران، پاسداران,۲۴٬۵۰۰٬۰۰۰٬۰۰۰ تومان,۱۰ از ۱۱
۱۳۰,۱۴۰۲,۳,دقایقی پیش در تهران، سرو آزاد,۹٬۲۰۰٬۰۰۰٬۰۰۰ تومان,شخصی
۱۷۰,۱۴۰۲,۳,لحظاتی پیش در تهران، سعادت‌آباد,۵۵٬۹۳۰٬۰۰۰٬۰۰۰ تومان,۸ از ۹
۸۲,۱۴۰۱,۲,دقایقی پیش در تهران، صادقیه,۸٬۶۶۰٬۰۰۰٬۰۰۰ تومان,۲ از ۵
۵۴,۱۳۸۵,۲,دقایقی پیش در تهران، میدان انقلاب، خیابان منیری جاوید (خ. انقلاب),۳٬۵۱۰٬۰۰۰٬۰۰۰ تومان,شخصی
۱۰۷,۱۴۰۲,۲,لحظاتی پیش در تهران، پاسداران، میدان هروی (خیابان پناهی نیا),۱۳٬۵۰۰٬۰۰۰٬۰۰۰ تومان,۱۰ از ۱۱
۱۰۵,۱۳۹۸,۲,دقایقی پیش در تهران، تهران‌سر، کوچه رجایی شمالی,۸٬۳۰۰٬۰۰۰٬۰۰۰ تومان,شخصی
۸۵,۱۴۰۲,۲,لحظاتی پیش در تهران، چیتگر,۷٬۶۵۰٬۰۰۰٬۰۰۰ تومان,۹
۱۸۰,۱۴۰۱,۳,دقایقی پیش در تهران، پاسداران,۲۰٬۸۸۰٬۰۰۰٬۰۰۰ تومان,۹ از ۱۳
۱۵۵,۱۳۸۸,۳,دقایقی پیش در تهران، سعادت‌آباد,۲۶٬۵۰۰٬۰۰۰٬۰۰۰ تومان,۲
۷۶,۱۳۸۸,۲,لحظاتی پیش در تهران، افسریه، خیابان بیست متری افسریه (ب. بسیج),۴٬۰۰۰٬۰۰۰٬۰۰۰ تومان,شخصی
۱۵۰,۱۳۹۴,۳,دقایقی پیش در تهران، سعادت‌آباد,۲۴٬۵۰۰٬۰۰۰٬۰۰۰ تومان,۲
۲۰۱,۱۳۸۷,۳,دقایقی پیش در تهران، سعادت‌آباد,۳۸٬۰۰۰٬۰۰۰٬۰۰۰ تومان,۲
۱۲۰,۱۳۹۹,۳,دقایقی پیش در تهران، ستارخان,۱۵٬۲۰۰٬۰۰۰٬۰۰۰ تومان,شخصی
۱۰۱,۱۴۰۱,۲,لحظاتی پیش در تهران، دریاچه شهدای خلیج فارس,۲٬۰۰۰٬۰۰۰٬۰۰۰ تومان,۲۰
۱۶۰,۱۴۰۲,۳,دقایقی پیش در تهران، پونک,۱۹٬۱۰۰٬۰۰۰٬۰۰۰ تومان,۲ از ۵
۱۴۲,۱۴۰۰,۳,دقایقی پیش در تهران، سعادت‌آباد,۲۶٬۷۰۰٬۰۰۰٬۰۰۰ تومان,۴
۱۱۸,۱۴۰۲,۳,دقایقی پیش در تهران، نارمک,۲۲٬۵۰۰٬۰۰۰٬۰۰۰ تومان,۴
۱۲۵,۱۳۸۵,۳,دقایقی پیش در تهران، میرداماد,۱۶٬۲۵۰٬۰۰۰٬۰۰۰ تومان,۲ از ۵
۱۰۰,۱۴۰۱,۲,دقایقی پیش در تهران، چیتگر,۱٬۷۵۰٬۰۰۰٬۰۰۰ تومان,۱۵
۱۰۲,۱۴۰۲,۲,دقایقی پیش در تهران، چیتگر,۱٬۷۵۰٬۰۰۰٬۰۰۰ تومان,۱۳
۱۳۰,۱۳۸۶,۲,دقایقی پیش در تهران، پونک,۱۰٬۶۰۰٬۰۰۰٬۰۰۰ تومان,۱ از ۴
۱۲۹,۱۴۰۱,۲,دقایقی پیش در تهران، مبارک‌آباد بهشتی,۳٬۸۷۰٬۰۰۰٬۰۰۰ تومان,۴
۱۴۰,۱۴۰۱,۳,دقایقی پیش در تهران، مبارک‌آباد بهشتی,۴٬۲۰۰٬۰۰۰٬۰۰۰ تومان,۳
۸۷,۱۳۸۶,۲,دقایقی پیش در تهران، کوی فردوس,۸٬۸۰۰٬۰۰۰٬۰۰۰ تومان,۳ از ۵
۷۲۰,۱۳۹۶,+۴,دقایقی پیش در تهران، فرمانیه,۱۴۵٬۰۰۰٬۰۰۰٬۰۰۰ تومان,۱۱
۷۶,۱۴۰۰,۱,دقایقی پیش در تهران، آسمان,۹٬۶۰۰٬۰۰۰٬۰۰۰ تومان,۱ از ۱۰
۵۲,۱۳۹۸,۱,لحظاتی پیش در تهران، سلسبیل,۳٬۵۳۰٬۰۰۰٬۰۰۰ تومان,۱ از ۴
۸۲,۱۴۰۱,۲,لحظاتی پیش در تهران، تجریش,۱۲٬۰۰۰٬۰۰۰٬۰۰۰ تومان,۲ از ۴
۱۱۷,۱۴۰۱,۲,لحظاتی پیش در تهران، چیتگر,۹۳۶٬۰۰۰٬۰۰۰ تومان,۱۱ از ۱۵
۷۷,۱۳۹۵,۲,لحظاتی پیش در تهران، مرزداران,۹٬۰۰۰٬۰۰۰٬۰۰۰ تومان,۵ از ۵
۱۵۰,۱۴۰۱,۳,لحظاتی پیش در تهران، شهرک غرب,۳۷٬۰۰۰٬۰۰۰٬۰۰۰ تومان,۷ از ۷
۷۵,۱۳۸۳,۲,لحظاتی پیش در تهران، پونک، خیابان عدل جنوبی (ب. همت),۷٬۴۰۰٬۰۰۰٬۰۰۰ تومان,۳ از ۵
۱۲۰,۱۳۸۵,۲,لحظاتی پیش در تهران، سعادت‌آباد,۲۱٬۰۰۰٬۰۰۰٬۰۰۰ تومان,۵
۷۰,۱۴۰۱,۱,دقایقی پیش در تهران، الهیه,۲۳٬۰۰۰٬۰۰۰٬۰۰۰ تومان,۱ از ۵
۵۰,۱۳۹۴,۱,لحظاتی پیش در تهران، دولاب,۵٬۹۰۰٬۰۰۰٬۰۰۰ تومان,۲ از ۳
۱۴۵,۱۳۸۰,۳,دقایقی پیش در تهران، پونک,۲۸٬۰۰۰٬۰۰۰٬۰۰۰ تومان,۱ از ۲
۱۲۰,۱۴۰۱,۲,دقایقی پیش در تهران، شادمهر,۱۲٬۵۹۰٬۰۰۰٬۰۰۰ تومان,۴
۱۲۲,۱۳۹۱,۳,دقایقی پیش در تهران، چیتگر,۶٬۵۰۰٬۰۰۰٬۰۰۰ تومان,۳
۲۵۰,۱۴۰۱,۳,دقایقی پیش در تهران، نیاوران,۸۵٬۰۰۰٬۰۰۰٬۰۰۰ تومان,۶ از ۶
۷۵,۱۳۹۷,۲,لحظاتی پیش در تهران، مبارک‌آباد بهشتی,۱٬۸۷۵٬۰۰۰٬۰۰۰ تومان,۳
۱۱۰,قبل از ۱۳۷۰,۲,دقایقی پیش در تهران، جهاد، خیابان گلها (خ. شهید گمنام),۸٬۸۰۰٬۰۰۰٬۰۰۰ تومان,۲
۲۱۰,۱۳۸۰,۳,دقایقی پیش در تهران، قیطریه,۲۴٬۳۵۰٬۰۰۰٬۰۰۰ تومان,۴
۱۲۸,۱۳۹۱,۲,دقایقی پیش در تهران، باغ خزانه,۶٬۸۴۸٬۰۰۰٬۰۰۰ تومان,۵ از ۵
۱۰۰,۱۳۹۷,۲,دقایقی پیش در تهران، شهران شمالی,۱۱٬۰۰۰٬۰۰۰٬۰۰۰ تومان,۴ از ۵
۱۲۵,۱۴۰۱,۲,دقایقی پیش در تهران، دریاچه شهدای خلیج فارس,۷٬۸۵۰٬۰۰۰٬۰۰۰ تومان,۳
۱۵۰,۱۴۰۲,۳,دقایقی پیش در تهران، چیتگر,۹٬۹۹۹٬۹۹۹٬۹۹۹ تومان,۹
۲۱۰,۱۴۰۱,۲,دقایقی پیش در تهران، الهیه,۴۵٬۵۰۰٬۰۰۰٬۰۰۰ تومان,۵ از ۷
۷۵,۱۳۸۸,۲,دقایقی پیش در تهران، نیرو هوایی,۵٬۰۰۰٬۰۰۰٬۰۰۰ تومان,۳
۷۰,۱۳۹۲,۲,لحظاتی پیش در تهران، مبارک‌آباد بهشتی,۲٬۳۰۰٬۰۰۰٬۰۰۰ تومان,۱ از ۴
۵۵,۱۳۹۸,۱,لحظاتی پیش در تهران، مبارک‌آباد بهشتی,۱٬۷۰۵٬۰۰۰٬۰۰۰ تومان,۱
۱۱۳,۱۳۹۵,۲,لحظاتی پیش در تهران، مرزداران,۱۴٬۸۰۰٬۰۰۰٬۰۰۰ تومان,۲ از ۵
۵۶,۱۳۸۷,۱,لحظاتی پیش در تهران، فلاح,۲٬۶۳۲٬۰۰۰٬۰۰۰ تومان,۴
۱۰۰,۱۴۰۲,۲,لحظاتی پیش در تهران، منیریه,۹٬۹۰۰٬۰۰۰٬۰۰۰ تومان,۶
۱۴۲,۱۳۸۸,۳,لحظاتی پیش در تهران، سعادت‌آباد، خیابان صراف‌های جنوبی (بلوار دریا),۱۸٬۱۰۰٬۰۰۰٬۰۰۰ تومان,۲ از ۵
۶۰,۱۳۹۸,۲,لحظاتی پیش در تهران، اندیشه (شهر زیبا),۲٬۰۰۰٬۰۰۰٬۰۰۰ تومان,۲ از ۳
۶۵,۱۴۰۲,۲,دقایقی پیش در تهران، منیریه,۶٬۵۰۰٬۰۰۰٬۰۰۰ تومان,۱ از ۶
۹۵,۱۳۹۴,۲,دقایقی پیش در تهران، جنت‌آباد مرکزی,۱۰٬۰۵۰٬۰۰۰٬۰۰۰ تومان,۳
۱۲۵,۱۳۹۶,۳,لحظاتی پیش در تهران، پاسداران، میدان فرخی یزدی (خیابان فرخی یزدی),۱۷٬۶۰۰٬۰۰۰٬۰۰۰ تومان,۳ از ۴
۱۳۵,۱۳۹۸,۲,لحظاتی پیش در تهران، دهقان,۱۲٬۳۰۰٬۰۰۰٬۰۰۰ تومان,شخصی
۱۰۰,۱۳۷۷,۲,لحظاتی پیش در تهران، سعادت‌آباد,۱۲٬۹۹۹٬۹۰۹٬۰۹۹ تومان,۱
۱۵۴,۱۳۹۰,۳,لحظاتی پیش در تهران، دروس,۲۱٬۰۰۰٬۰۰۰٬۰۰۰ تومان,۳ از ۵
۵۵,۱۳۸۷,۱,دقایقی پیش در تهران، جنت‌آباد مرکزی,۵٬۴۰۰٬۰۰۰٬۰۰۰ تومان,۵
۱۰۲,۱۳۸۸,۲,لحظاتی پیش در تهران، قلهک,۱۲٬۰۰۰٬۰۰۰٬۰۰۰ تومان,۵ از ۵
۱۵۵,۱۳۸۳,۳,لحظاتی پیش در تهران، ظفر,۱۶٬۰۰۰٬۰۰۰٬۰۰۰ تومان,۴
۱۰۹,۱۳۹۳,۲,لحظاتی پیش در تهران، مرزداران,۱۶٬۰۰۰٬۰۰۰٬۰۰۰ تومان,۱ از ۵
۱۱۰,۱۴۰۲,۲,لحظاتی پیش در تهران، باغ فیض,۱۳٬۷۵۰٬۰۰۰٬۰۰۰ تومان,۳ از ۵
۱۸۵,۱۴۰۲,۳,لحظاتی پیش در تهران، کاشانک,۲۵٬۵۰۰٬۰۰۰٬۰۰۰ تومان,۶
۶۴,۱۴۰۲,۱,لحظاتی پیش در تهران، مرزداران,۸٬۴۰۰٬۰۰۰٬۰۰۰ تومان,۳ از ۵
۷۷,۱۳۸۹,۲,لحظاتی پیش در تهران، مرزداران,۱۰٬۴۵۰٬۰۰۰٬۰۰۰ تومان,۲ از ۴
۳۱۳,۱۳۸۶,۴,لحظاتی پیش در تهران، دروس، خیابان چیذری (خ. یارمحمدی),۵۱٬۵۰۰٬۰۰۰٬۰۰۰ تومان,۵ از ۵
۱۲۵,۱۳۹۷,۲,دقایقی پیش در تهران، منیریه,۱۰٬۴۵۰٬۰۰۰٬۰۰۰ تومان,۵ از ۵
۲۵۰,۱۴۰۰,۳,لحظاتی پیش در تهران، دروس,۵۰٬۰۰۰٬۰۰۰٬۰۰۰ تومان,۴ از ۵
۶۷,۱۳۸۹,۱,دقایقی پیش در تهران، سازمان برنامه,۵٬۷۰۵٬۰۰۰٬۰۰۰ تومان,۱
۱۲۰,۱۳۸۵,۲,لحظاتی پیش در تهران، اختیاریه,۱۳٬۰۰۰٬۰۰۰٬۰۰۰ تومان,۱
۱۳۰,۱۴۰۲,۳,دقایقی پیش در تهران، سهروردی,۱۴٬۰۰۰٬۰۰۰٬۰۰۰ تومان,۴
۱۱۵,۱۴۰۱,۲,دقایقی پیش در تهران، هروی، میدان هروی,۱۳٬۷۵۰٬۰۰۰٬۰۰۰ تومان,+۳۰
۱۱۵,۱۳۹۶,۳,دقایقی پیش در تهران، پونک,۱۲٬۳۰۰٬۰۰۰٬۰۰۰ تومان,۴ از ۵
۱۴۳,۱۴۰۲,۳,دقایقی پیش در تهران، شهرک غرب، بلوار دادمان (بزرگراه یادگار امام),۲۷٬۰۰۰٬۰۰۰٬۰۰۰ تومان,۲ از ۵
۱۰۱,۱۳۸۳,۲,دقایقی پیش در تهران، سعادت‌آباد، خیابان صراف‌های شمالی (بلوار سرو غربی),۱۲٬۹۰۰٬۰۰۰٬۰۰۰ تومان,۱ از ۸
۱۱۵,۱۳۸۲,۲,دقایقی پیش در تهران، شهرک غرب، بلوار دادمان (بزرگراه یادگار امام),۱۶٬۵۰۰٬۰۰۰٬۰۰۰ تومان,۲ از ۵
۵۰,۱۳۸۶,۱,دقایقی پیش در تهران، کوی فردوس، بلوار ناصر حجازی (فردوس غرب) (بزرگراه ستاری),۵٬۴۰۰٬۰۰۰٬۰۰۰ تومان,مشاور املاک
۱۱۰,۱۳۸۸,۲,لحظاتی پیش در تهران، کامرانیه,۱۸٬۵۰۰٬۰۰۰٬۰۰۰ تومان,۴
۱۴۰,۱۴۰۱,۳,دقایقی پیش در تهران، دریاچه شهدای خلیج فارس,۳٬۹۲۰٬۰۰۰٬۰۰۰ تومان,۱۴
۷۲,۱۴۰۰,۲,دقایقی پیش در تهران، اندیشه (شهر زیبا),۲٬۸۰۰٬۰۰۰٬۰۰۰ تومان,۴
۱۱۵,۱۳۸۵,۲,لحظاتی پیش در تهران، اختیاریه، خیابان منظریه (خ. رحمانی),۱۳٬۵۰۰٬۰۰۰٬۰۰۰ تومان,۵ از ۵
۶۶,۱۳۸۵,۲,دقایقی پیش در تهران، کوی فردوس,۷٬۹۰۰٬۰۰۰٬۰۰۰ تومان,۵ از ۵
۳۱۲,۱۳۹۸,۴,لحظاتی پیش در تهران، فرمانیه,۹۴٬۰۰۰٬۰۰۰٬۰۰۰ تومان,۳ از ۶
۱۶۵,۱۳۹۵,۳,لحظاتی پیش در تهران، مرزداران,۲۶٬۶۰۰٬۰۰۰٬۰۰۰ تومان,۴
۱۱۲,۱۴۰۲,۲,دقایقی پیش در تهران، سرو آزاد، بلوار اردستانی (آزادراه شهید فهمیده),۱۰٬۰۰۰٬۰۰۰٬۰۰۰ تومان,شخصی
۱۲۴,۱۳۹۷,۳,دقایقی پیش در تهران، دریاچه شهدای خلیج فارس,۱۱٬۷۰۰٬۰۰۰٬۰۰۰ تومان,۵
۱۱۰,۱۴۰۱,۲,دقایقی پیش در تهران، سرو آزاد,۱۱٬۰۰۰٬۰۰۰٬۰۰۰ تومان,شخصی
۱۷۰,۱۴۰۱,۳,دقایقی پیش در تهران، نیاوران,۳۸٬۰۰۰٬۰۰۰٬۰۰۰ تومان,۲ از ۵
۱۳۲,۱۳۹۱,۳,لحظاتی پیش در تهران، هوانیروز، خیابان هوانیروز (بلوار هاشم زاده جنوبی),۱۲٬۰۰۰٬۰۰۰٬۰۰۰ تومان,شخصی
۵۸,۱۳۹۴,۱,دقایقی پیش در تهران، کرمان,۴٬۹۹۹٬۹۹۹٬۹۹۹ تومان,شخصی
۱۳۱,۱۴۰۱,۲,دقایقی پیش در تهران، پاسداران,۱۵٬۸۰۰٬۰۰۰٬۰۰۰ تومان,۱۰ از ۱۱
۴۸,۱۳۸۵,۱,دقایقی پیش در تهران، کوی فردوس,۴٬۵۵۰٬۰۰۰٬۰۰۰ تومان,۴ از ۴
۹۸,۱۳۹۸,۳,دقایقی پیش در تهران، مبارک‌آباد بهشتی,۲٬۹۴۵٬۰۰۰٬۰۰۰ تومان,۵
۱۰۲,۱۴۰۱,۲,لحظاتی پیش در تهران، اختیاریه,۲۰٬۴۰۰٬۰۰۰٬۰۰۰ تومان,۴
۷۴,۱۳۸۸,۲,دقایقی پیش در تهران، جنت‌آباد جنوبی,۶٬۶۸۰٬۰۰۰٬۰۰۰ تومان,۲ از ۳
۶۶,۱۳۸۲,۲,دقایقی پیش در تهران، ایران، کوچه معتمد الملک (خ. عین الدوله),۵٬۸۰۰٬۰۰۰٬۰۰۰ تومان,شخصی
۱۱۸,۱۳۸۰,۲,دقایقی پیش در تهران، جردن,۱۶٬۰۰۰٬۰۰۰٬۰۰۰ تومان,۳
۸۵,قبل از ۱۳۷۰,۲,دقایقی پیش در تهران، شمشیری، خیابان شمشیری (ب. آیت الله سعیدی),۴٬۵۰۰٬۰۰۰٬۰۰۰ تومان,شخصی
۶۶,۱۳۹۹,۲,دقایقی پیش در تهران، شهرک تختی,۲٬۲۴۱٬۰۰۰٬۰۰۰ تومان,۳
۱۵۰,۱۴۰۲,۳,دقایقی پیش در تهران، مرزداران,۱۷٬۶۰۰٬۰۰۰٬۰۰۰ تومان,شخصی
۱۲۰,قبل از ۱۳۷۰,۳,دقایقی پیش در تهران، شهر زیبا,۷٬۷۰۰٬۰۰۰٬۰۰۰ تومان,همکف
۱۰۶,۱۳۸۱,۲,لحظاتی پیش در تهران، صادقیه، خیابان کاشانی (بلوار آیت الله کاشانی),۹٬۲۲۲٬۰۰۰٬۰۰۰ تومان,شخصی
۵۲,۱۴۰۱,۱,دقایقی پیش در تهران، هاشم‌آباد,۱٬۷۱۶٬۰۰۰٬۰۰۰ تومان,۳
۹۳,۱۴۰۲,۲,دقایقی پیش در تهران، جنت‌آباد جنوبی، میدان چهار باغ (بلوار جنت آباد جنوبی),۱۳٬۴۸۰٬۰۰۰٬۰۰۰ تومان,۳ از ۵
۷۲,۱۳۸۷,۲,لحظاتی پیش در تهران، ظهیرآباد,۴٬۳۲۰٬۰۰۰٬۰۰۰ تومان,شخصی
۱۶۰,۱۳۹۵,۳,دقایقی پیش در تهران، هروی,۲۰٬۷۱۰٬۰۰۰٬۰۰۰ تومان,۱
۶۰,۱۳۸۵,۱,دقایقی پیش در تهران، آهنگ، خیابان بهشتی,۳٬۰۰۰٬۰۰۰٬۰۰۰ تومان,شخصی
۵۳,۱۳۸۵,۱,دقایقی پیش در تهران، کوی فردوس,۵٬۵۰۰٬۰۰۰٬۰۰۰ تومان,۳ از ۶
۸۱,۱۴۰۱,۲,دقایقی پیش در تهران، مبارک‌آباد بهشتی,۲٬۶۳۲٬۵۰۰٬۰۰۰ تومان,۳
۱۵۵,۱۴۰۱,۳,دقایقی پیش در تهران، جنت‌آباد جنوبی,۲۴٬۵۰۰٬۰۰۰٬۰۰۰ تومان,۲ از ۵
۲۹۰,۱۴۰۱,۴,دقایقی پیش در تهران، پونک، بلوار کمالی (بلوار عدل شمالی),۵۵٬۰۰۰٬۰۰۰٬۰۰۰ تومان,۴ از ۵
۶۲,۱۳۹۴,۱,دقایقی پیش در تهران، ازگل,۸٬۲۰۰٬۰۰۰٬۰۰۰ تومان,۴ از ۵
۹۲,۱۳۹۳,۲,دقایقی پیش در تهران، جنت‌آباد مرکزی,۱۲٬۰۵۰٬۰۰۰٬۰۰۰ تومان,۳ از ۵
۱۳۳,۱۳۹۴,۳,دقایقی پیش در تهران، جنت‌آباد جنوبی، میدان چهار باغ (بلوار جنت آباد جنوبی),۱۷٬۰۰۰٬۰۰۰٬۰۰۰ تومان,۵ از ۵
۶۷,۱۳۹۲,۱,دقایقی پیش در تهران، جی,۳٬۴۸۶٬۰۰۰٬۰۰۰ تومان,۱ از ۵
۱۸۵,۱۳۹۴,۳,دقایقی پیش در تهران، شهرک ژاندارمری، کوچه البرز (بلوار مرزداران),۳۳٬۲۰۰٬۰۰۰٬۰۰۰ تومان,۳ از ۵
۱۶۵,۱۳۷۹,۳,لحظاتی پیش در تهران، شهرک غرب,۲۱٬۰۰۰٬۰۰۰٬۰۰۰ تومان,۴
۹۰,۱۳۹۶,۲,لحظاتی پیش در تهران، جنت‌آباد شمالی,۹٬۲۰۰٬۰۰۰٬۰۰۰ تومان,۳ از ۵
۱۰۰,قبل از ۱۳۷۰,۱,لحظاتی پیش در تهران، پیروزی,۶٬۲۰۰٬۰۰۰٬۰۰۰ تومان,شخصی
۱۷۸,۱۳۸۰,۳,لحظاتی پیش در تهران، جردن,۲۰٬۵۰۰٬۰۰۰٬۰۰۰ تومان,۶ از ۹
۱۵۰,۱۴۰۲,۳,لحظاتی پیش در تهران، جردن,۲۸٬۰۰۰٬۰۰۰٬۰۰۰ تومان,۱ از ۵
۲۰۰,۱۴۰۲,۳,لحظاتی پیش در تهران، پاسداران,۲۴٬۰۰۰٬۰۰۰٬۰۰۰ تومان,۱۶
۱۶۸,۱۳۸۱,۳,لحظاتی پیش در تهران، جردن,۲۲٬۲۰۰٬۰۰۰٬۰۰۰ تومان,۴
۲۲۵,۱۳۸۵,۳,لحظاتی پیش در تهران، امانیه,۲۵٬۴۰۰٬۰۰۰٬۰۰۰ تومان,۵ از ۵
۱۴۰,۱۳۹۵,۳,لحظاتی پیش در تهران، شهرک پرواز,۱۷٬۶۰۰٬۰۰۰٬۰۰۰ تومان,۲
۱۱۲,۱۳۹۱,۲,دقایقی پیش در تهران، باغ فیض,۱۲٬۵۴۴٬۰۰۰٬۰۰۰ تومان,۳ از ۵
۲۷۰,۱۳۸۸,۴,لحظاتی پیش در تهران، ولنجک,۵۶٬۰۰۰٬۰۰۰٬۰۰۰ تومان,۵ از ۵
۱۱۰,۱۴۰۲,۲,لحظاتی پیش در تهران، جنت‌آباد جنوبی,۱۱٬۶۸۰٬۰۰۰٬۰۰۰ تومان,۳ از ۵
۱۰۵,۱۳۹۳,۳,لحظاتی پیش در تهران، شهران جنوبی,۱۱٬۴۰۰٬۰۰۰٬۰۰۰ تومان,۴
۱۳۶,۱۳۸۸,۳,لحظاتی پیش در تهران، کوی فردوس,۱۳٬۹۰۰٬۰۰۰٬۰۰۰ تومان,۳ از ۵
۱۵۴,۱۳۸۳,۳,لحظاتی پیش در تهران، کوی فردوس,۱۱٬۵۵۰٬۰۰۰٬۰۰۰ تومان,۲ از ۴
۱۱۵,۱۳۸۴,۲,لحظاتی پیش در تهران، هروی,۱۲٬۷۰۰٬۰۰۰٬۰۰۰ تومان,۱ از ۷
۱۰۴,۱۳۹۳,۲,لحظاتی پیش در تهران، جنت‌آباد مرکزی,۱۲٬۲۰۰٬۰۰۰٬۰۰۰ تومان,۱ از ۴
۲۱۴,۱۴۰۲,۳,لحظاتی پیش در تهران، جردن,۴۷٬۰۰۰٬۰۰۰٬۰۰۰ تومان,۱ از ۶
۱۳۰,۱۳۹۸,۳,لحظاتی پیش در تهران، هروی,۱۸٬۲۰۰٬۰۰۰٬۰۰۰ تومان,۵
۹۸,۱۳۹۰,۲,لحظاتی پیش در تهران، جنت‌آباد جنوبی,۱۱٬۸۰۰٬۰۰۰٬۰۰۰ تومان,۴ از ۵
۱۰۵,۱۳۸۵,۲,دقایقی پیش در تهران، سعادت‌آباد,۱۳٬۰۰۰٬۰۰۰٬۰۰۰ تومان,۴
۱۱۰,۱۳۹۰,۲,لحظاتی پیش در تهران، هروی,۱۲٬۹۰۰٬۰۰۰٬۰۰۰ تومان,۵
۲۱۲,۱۳۸۵,۳,لحظاتی پیش در تهران، پاسداران,۲۹٬۰۰۰٬۰۰۰٬۰۰۰ تومان,۴ از ۷
۸۵,۱۳۹۵,۲,لحظاتی پیش در تهران، پونک,۷٬۶۰۰٬۰۰۰٬۰۰۰ تومان,۴
۸۸,۱۴۰۱,۲,دقایقی پیش در تهران، کاشانک,۱۴٬۵۰۰٬۰۰۰٬۰۰۰ تومان,۳
۱۲۷,۱۴۰۱,۲,دقایقی پیش در تهران، ازگل,۲۱٬۳۰۰٬۰۰۰٬۰۰۰ تومان,۲ از ۵
۱۴۰,۱۴۰۱,۳,دقایقی پیش در تهران، سعادت‌آباد,۲۳٬۵۰۰٬۰۰۰٬۰۰۰ تومان,۵ از ۶
۱۸۰,۱۳۸۸,۳,دقایقی پیش در تهران، زعفرانیه,۲۸٬۰۰۰٬۰۰۰٬۰۰۰ تومان,۳ از ۵
۱۳۵,۱۳۹۵,۳,دقایقی پیش در تهران، جنت‌آباد شمالی,۱۳٬۰۰۰٬۰۰۰٬۰۰۰ تومان,۱ از ۴
۱۲۰,۱۳۹۵,۳,لحظاتی پیش در تهران، سهروردی,۱۳٬۲۵۰٬۰۰۰٬۰۰۰ تومان,۱
۵۵,۱۳۸۸,۱,لحظاتی پیش در تهران، کوی فردوس,۵٬۹۵۰٬۰۰۰٬۰۰۰ تومان,۲ از ۵
۷۲,۱۳۷۸,۲,دقایقی پیش در تهران، باغ فیض,۵٬۷۲۰٬۰۰۰٬۰۰۰ تومان,۳ از ۴
۱۱۶,۱۳۹۰,۳,دقایقی پیش در تهران، آبشار تهران,۸٬۲۵۰٬۰۰۰٬۰۰۰ تومان,۷
۸۹,۱۳۸۶,۲,دقایقی پیش در تهران، شهران شمالی,۶٬۶۵۰٬۰۰۰٬۰۰۰ تومان,۲ از ۶
۱۸۰,۱۳۸۵,۳,دقایقی پیش در تهران، سعادت‌آباد,۳۰٬۶۰۰٬۰۰۰٬۰۰۰ تومان,۱۱
۹۸,۱۳۹۷,۲,لحظاتی پیش در تهران، جنت‌آباد جنوبی,۱۱٬۲۰۰٬۰۰۰٬۰۰۰ تومان,۵
۴۷,۱۳۸۹,۱,دقایقی پیش در تهران، سلسبیل، خیابان خوش جنوبی (خ. هاشمی),۲٬۸۰۰٬۰۰۰٬۰۰۰ تومان,۱ از ۴
۱۳۰,۱۳۸۰,۲,دقایقی پیش در تهران، الهیه,۲۳٬۹۰۰٬۰۰۰٬۰۰۰ تومان,۱ از ۴
۱۰۰,۱۴۰۱,۲,دقایقی پیش در تهران، مرزداران,۱۴٬۵۰۰٬۰۰۰٬۰۰۰ تومان,۳ از ۵
۱۱۴,۱۳۹۵,۳,دقایقی پیش در تهران، آبشار تهران,۸٬۰۵۰٬۰۰۰٬۰۰۰ تومان,۴
۱۱۵,۱۳۸۲,۲,لحظاتی پیش در تهران، شهرک غرب,۱۳٬۴۰۰٬۰۰۰٬۰۰۰ تومان,۱
۷۵,۱۳۸۴,۲,دقایقی پیش در تهران، جنت‌آباد مرکزی,۷٬۸۰۰٬۰۰۰٬۰۰۰ تومان,۵ از ۵
۱۳۹,۱۴۰۲,۳,دقایقی پیش در تهران، استاد معین,۱۱٬۸۵۰٬۰۰۰٬۰۰۰ تومان,۴ از ۵
۲۰,۱۴۰۰,۱,دقایقی پیش در تهران، دریاچه شهدای خلیج فارس,۶۰۰٬۰۰۰٬۰۰۰ تومان,۲۱ از ۲۲
۶۰,۱۳۸۸,۲,دقایقی پیش در تهران، پونک,۶٬۳۰۰٬۰۰۰٬۰۰۰ تومان,۵ از ۵
۲۳۰,۱۳۹۶,۳,لحظاتی پیش در تهران، سعادت‌آباد,۵۰٬۰۰۰٬۰۰۰٬۰۰۰ تومان,۱
۷۳,۱۳۹۵,۲,دقایقی پیش در تهران، شهران جنوبی,۷٬۰۰۰٬۰۰۰٬۰۰۰ تومان,۳ از ۵
۱۲۵,۱۳۹۲,۳,لحظاتی پیش در تهران، سعادت‌آباد، بلوار سرو غربی (بلوار پاکنژاد),۱۷٬۵۰۰٬۰۰۰٬۰۰۰ تومان,۵
۷۸,۱۳۹۸,۲,دقایقی پیش در تهران، جنت‌آباد جنوبی، میدان چهار باغ (بلوار جنت آباد جنوبی),۱۰٬۰۰۰٬۰۰۰٬۰۰۰ تومان,۵
۷۶,۱۳۹۷,۲,دقایقی پیش در تهران، جنت‌آباد مرکزی,۸٬۱۵۰٬۰۰۰٬۰۰۰ تومان,۵
۱۷۲,۱۴۰۰,۳,دقایقی پیش در تهران، سعادت‌آباد,۴۵٬۰۰۰٬۰۰۰٬۰۰۰ تومان,۵ از ۶
۸۴,۱۳۸۴,۲,دقایقی پیش در تهران، پونک,۷٬۹۰۰٬۰۰۰٬۰۰۰ تومان,۱ از ۵
۶۵,۱۳۸۰,۲,دقایقی پیش در تهران، افسریه,۳٬۹۰۰٬۰۰۰٬۰۰۰ تومان,شخصی
۳۷۵,۱۴۰۰,۴,دقایقی پیش در تهران، محمودیه,۹۳٬۰۰۰٬۰۰۰٬۰۰۰ تومان,۲ از ۱۰
۱۵۰,۱۳۸۵,۳,دقایقی پیش در تهران، میرداماد,۱۸٬۰۰۰٬۰۰۰٬۰۰۰ تومان,۲ از ۵
۱۳۰,۱۴۰۱,۳,دقایقی پیش در تهران، مقدم,۶٬۵۰۰٬۰۰۰٬۰۰۰ تومان,شخصی
۱۹۴,۱۴۰۱,۳,دقایقی پیش در تهران، پاسداران,۲۲٬۳۱۰٬۰۰۰٬۰۰۰ تومان,۱۱
۲۲۵,۱۳۸۷,۳,دقایقی پیش در تهران، زعفرانیه,۴۴٬۰۰۰٬۰۰۰٬۰۰۰ تومان,۶ از ۷
۱۷۰,۱۴۰۱,۳,دقایقی پیش در تهران، ولنجک,۳۹٬۰۰۰٬۰۰۰٬۰۰۰ تومان,۶ از ۶
۱۱۳,۱۳۹۷,۲,دقایقی پیش در تهران، سازمان برنامه، خیابان سازمان برنامه شمالی (ب. علامه جعفری),۱۵٬۸۲۰٬۰۰۰٬۰۰۰ تومان,۳ از ۵
۱۱۸,۱۴۰۲,۲,دقایقی پیش در تهران، دریاچه شهدای خلیج فارس، خیابان جوزانی غربی (خیابان طبیعت),۸٬۵۰۰٬۰۰۰٬۰۰۰ تومان,۲۵ از ۲۵
۶۱,۱۳۸۷,۲,دقایقی پیش در تهران، مولوی,۱٬۹۰۰٬۰۰۰٬۰۰۰ تومان,شخصی
۹۳,۱۳۸۵,۲,دقایقی پیش در تهران، سازمان برنامه,۱۰٬۲۰۰٬۰۰۰٬۰۰۰ تومان,۳ از ۵
۷۲,۱۳۸۶,۲,دقایقی پیش در تهران، سازمان برنامه,۷٬۱۰۰٬۰۰۰٬۰۰۰ تومان,۱ از ۴
۲۴۵,۱۳۸۸,۴,دقایقی پیش در تهران، فرمانیه,۴۷٬۰۰۰٬۰۰۰٬۰۰۰ تومان,۵
۱۲۵,۱۳۸۴,۳,دقایقی پیش در تهران، کوی فردوس,۱۲٬۸۰۰٬۰۰۰٬۰۰۰ تومان,۳ از ۵
۸۸,۱۳۸۵,۲,لحظاتی پیش در تهران، جنت‌آباد جنوبی، میدان چهار باغ (بلوار جنت آباد جنوبی),۷٬۰۸۹٬۰۰۰٬۰۰۰ تومان,۲ از ۴
۴۸,۱۳۸۳,۱,دقایقی پیش در تهران، جیحون,۲٬۸۰۰٬۰۰۰٬۰۰۰ تومان,شخصی
۶۸,۱۳۸۵,۲,دقایقی پیش در تهران، پونک,۶٬۱۰۰٬۰۰۰٬۰۰۰ تومان,۳ از ۴
۹۰,۱۴۰۲,۲,دقایقی پیش در تهران، چیتگر,۹۹۰٬۰۰۰٬۰۰۰ تومان,۱۲
۶۱,۱۳۸۷,۱,لحظاتی پیش در تهران، پونک,۶٬۰۰۰٬۰۰۰٬۰۰۰ تومان,۲
۷۵,۱۳۸۶,۲,دقایقی پیش در تهران، جنت‌آباد مرکزی,۵٬۷۵۰٬۰۰۰٬۰۰۰ تومان,۴
۱۳۰,۱۳۸۰,۳,لحظاتی پیش در تهران، پاسداران,۲۰٬۰۰۰٬۰۰۰٬۰۰۰ تومان,۲ از ۱۰
۱۰۱,۱۴۰۲,۲,دقایقی پیش در تهران، چیتگر,۸۰۸٬۰۰۰٬۰۰۰ تومان,۱۱ از ۱۲
۴۷,۱۳۸۵,۱,دقایقی پیش در تهران، جیحون، کوچه رجبی (خ. سبحانی),۲٬۸۰۰٬۰۰۰٬۰۰۰ تومان,شخصی
۳۲۰,۱۳۹۴,۳,دقایقی پیش در تهران، سرو آزاد,۱۴٬۸۰۰٬۰۰۰٬۰۰۰ تومان,شخصی
۷۴,۱۳۹۹,۲,لحظاتی پیش در تهران، پیروزی,۵٬۸۵۰٬۰۰۰٬۰۰۰ تومان,شخصی
۷۴,۱۳۸۵,۲,دقایقی پیش در تهران، پونک,۶٬۳۰۰٬۰۰۰٬۰۰۰ تومان,۱ از ۵
۱۰۰,۱۴۰۱,۲,دقایقی پیش در تهران، نیرو هوایی,۱۳٬۰۰۰٬۰۰۰٬۰۰۰ تومان,۳
۱۵۰,۱۴۰۱,۳,دقایقی پیش در تهران، نیرو هوایی,۱۵٬۰۰۰٬۰۰۰٬۰۰۰ تومان,۴
۱۵۰,۱۳۹۷,۳,دقایقی پیش در تهران، شهرک راه‌آهن,۱۴۲٬۰۰۰٬۰۰۰٬۰۰۰ تومان,۲
۵۰,۱۴۰۰,۱,دقایقی پیش در تهران، جیحون,۳٬۴۰۰٬۰۰۰٬۰۰۰ تومان,۴ از ۴
۱۱۵,۱۴۰۲,۲,دقایقی پیش در تهران، سرو آزاد,۴٬۲۵۵٬۰۰۰٬۰۰۰ تومان,۲۳ از ۲۴
۸۵,۱۴۰۲,۲,دقایقی پیش در تهران، نیرو هوایی,۹٬۸۰۰٬۰۰۰٬۰۰۰ تومان,۱
۲۴۰,۱۴۰۲,۳,دقایقی پیش در تهران، فرمانیه,۶۳٬۰۰۰٬۰۰۰٬۰۰۰ تومان,۶
۱۱۰,۱۴۰۲,۲,دقایقی پیش در تهران، مرزداران,۱۲٬۹۰۰٬۰۰۰٬۰۰۰ تومان,۴
۸۸,۱۳۹۰,۱,دقایقی پیش در تهران، بهارستان,۱٬۸۴۸٬۰۰۰٬۰۰۰ تومان,شخصی
۵۳,۱۳۹۳,۱,دقایقی پیش در تهران، صفا، خیابان اقبال لاهوری (خ. دماوند),۲٬۹۷۰٬۰۰۰٬۰۰۰ تومان,شخصی
۱۶۰,۱۴۰۱,۳,دقایقی پیش در تهران، شهرک غرب,۴۱٬۶۰۰٬۰۰۰٬۰۰۰ تومان,۲ از ۵
۱۵۳,۱۳۹۹,۳,دقایقی پیش در تهران، آرارات,۲۶٬۰۰۰٬۰۰۰٬۰۰۰ تومان,۲
۵۰,۱۳۷۶,۱,دقایقی پیش در تهران، هفت چنار,۲٬۸۰۰٬۰۰۰٬۰۰۰ تومان,۱
۱۵۵,۱۳۹۰,۳,دقایقی پیش در تهران، میرداماد,۱۷٬۰۰۰٬۰۰۰٬۰۰۰ تومان,۳
۱۴۰,۱۳۹۵,۲,دقایقی پیش در تهران، اختیاریه,۱۸٬۲۰۰٬۰۰۰٬۰۰۰ تومان,۲
۹۰,۱۳۸۳,۲,دقایقی پیش در تهران، اباذر,۸٬۸۰۰٬۰۰۰٬۰۰۰ تومان,۲ از ۶
۵۰,۱۳۹۱,۱,دقایقی پیش در تهران، خانی‌آباد نو، بلوار شقایق جنوبی,۲٬۵۰۰٬۰۰۰٬۰۰۰ تومان,شخصی
۲۰۰,۱۴۰۲,۳,دقایقی پیش در تهران، زعفرانیه,۹۰٬۰۰۰٬۰۰۰٬۰۰۰ تومان,۵
۶۲,۱۳۹۵,۱,دقایقی پیش در تهران، دولاب، بزرگراه امام علی (بزرگراه امام علی),۳٬۳۵۰٬۰۰۰٬۰۰۰ تومان,شخصی
۵۷,۱۳۸۵,۲,دقایقی پیش در تهران، تهران‌سر,۳٬۳۳۰٬۰۰۰٬۰۰۰ تومان,۲
۱۲۷,۱۳۹۸,۳,دقایقی پیش در تهران، دریاچه شهدای خلیج فارس,۱۶٬۰۰۰٬۰۰۰٬۰۰۰ تومان,۱۴ از ۲۱
۵۳,۱۳۸۶,۱,لحظاتی پیش در تهران، مولوی,۲٬۱۵۰٬۰۰۰٬۰۰۰ تومان,مشاور املاک
۵۵,۱۳۸۷,۱,لحظاتی پیش در تهران، شهر زیبا، بلوار فرساد غربی (بلوار جوانمردان),۵٬۲۵۰٬۰۰۰٬۰۰۰ تومان,۴ از ۵
۹۰,۱۳۹۷,۲,لحظاتی پیش در تهران، شهران جنوبی، خیابان شهدای کن (ب. همت),۸٬۵۰۰٬۰۰۰٬۰۰۰ تومان,۱ از ۶
۸۰,۱۳۸۶,۲,دقایقی پیش در تهران، شهر زیبا، بلوار فرساد غربی (بلوار جوانمردان),۷٬۴۵۰٬۰۰۰٬۰۰۰ تومان,۴ از ۵
۱۵۹,۱۳۹۸,۳,دقایقی پیش در تهران، دهکده المپیک,۱۷٬۸۰۰٬۰۰۰٬۰۰۰ تومان,۳ از ۳
۲۳۵,۱۴۰۰,۳,لحظاتی پیش در تهران، قیطریه,۵۶٬۰۰۰٬۰۰۰٬۰۰۰ تومان,۳ از ۶
۱۱۲,۱۳۹۶,۲,لحظاتی پیش در تهران، جنت‌آباد جنوبی,۱۴٬۵۰۰٬۰۰۰٬۰۰۰ تومان,۳ از ۷
۱۱۰,۱۴۰۲,۲,دقایقی پیش در تهران، پاسداران، میدان هروی (خیابان پناهی نیا),۱۴٬۰۰۰٬۰۰۰٬۰۰۰ تومان,۱۱ از ۱۲
۴۴,۱۳۸۵,۱,لحظاتی پیش در تهران، آذربایجان,۳٬۹۹۰٬۰۰۰٬۰۰۰ تومان,۲ از ۴
۸۹,۱۳۸۸,۲,دقایقی پیش در تهران، شمس‌آباد,۱۰٬۶۵۰٬۰۰۰٬۰۰۰ تومان,۱
۱۴۹,۱۳۹۱,۳,دقایقی پیش در تهران، شهر زیبا، بلوار فرساد غربی (بلوار جوانمردان),۱۱٬۵۰۰٬۰۰۰٬۰۰۰ تومان,۱ از ۲
۱۱۲,۱۴۰۲,۲,لحظاتی پیش در تهران، چیتگر,۷٬۸۵۰٬۰۰۰٬۰۰۰ تومان,مشاور املاک
۸۵,۱۴۰۲,۲,لحظاتی پیش در تهران، دریاچه شهدای خلیج فارس,۱٬۲۷۵٬۰۰۰٬۰۰۰ تومان,۱۲
۲۰۰,۱۳۹۲,۳,لحظاتی پیش در تهران، درب دوم,۳۵٬۵۰۰٬۰۰۰٬۰۰۰ تومان,۱ از ۵
۱۴۰,۱۳۹۳,۳,لحظاتی پیش در تهران، جنت‌آباد جنوبی,۱۸٬۲۰۰٬۰۰۰٬۰۰۰ تومان,۵ از ۵
۸۵,۱۳۹۰,۲,دقایقی پیش در تهران، سعادت‌آباد,۱۲٬۷۰۰٬۰۰۰٬۰۰۰ تومان,۴
۵۵,۱۳۸۷,۱,لحظاتی پیش در تهران، جیحون، خیابان آذربایجان (خ. جیحون),۳٬۵۰۰٬۰۰۰٬۰۰۰ تومان,۲ از ۳
۱۱۶,۱۴۰۱,۲,دقایقی پیش در تهران، پاسداران,۱۴٬۵۰۰٬۰۰۰٬۰۰۰ تومان,۸ از ۱۱
۱۲۰,۱۴۰۲,۲,دقایقی پیش در تهران، جنت‌آباد جنوبی,۱۷٬۵۰۰٬۰۰۰٬۰۰۰ تومان,۳
۱۱۱,۱۳۹۶,۲,لحظاتی پیش در تهران، شهرک غرب,۲۴٬۲۰۰٬۰۰۰٬۰۰۰ تومان,۱
۶۵,۱۳۸۵,۱,لحظاتی پیش در تهران، پونک,۵٬۷۰۰٬۰۰۰٬۰۰۰ تومان,۱
۹۵,۱۴۰۲,۲,لحظاتی پیش در تهران، بریانک,۶٬۲۰۰٬۰۰۰٬۰۰۰ تومان,۳ از ۶
۱۲۲,۱۴۰۱,۳,لحظاتی پیش در تهران، جی,۷٬۵۰۳٬۰۰۰٬۰۰۰ تومان,۳ از ۶
۱۴۲,۱۳۹۷,۲,لحظاتی پیش در تهران، آرژانتین,۲۱٬۳۰۰٬۰۰۰٬۰۰۰ تومان,شخصی
۶۲,۱۳۹۸,۲,لحظاتی پیش در تهران، مبارک‌آباد بهشتی,۱٬۸۰۰٬۰۰۰٬۰۰۰ تومان,۱
۲۰۷,۱۳۸۸,۳,لحظاتی پیش در تهران، ولنجک، خیابان ولنجک,۳۳٬۰۰۰٬۰۰۰٬۰۰۰ تومان,۳ از ۷
۳۵,۱۳۹۸,۱,لحظاتی پیش در تهران، آجودانیه,۲۷٬۰۰۰٬۰۰۰٬۰۰۰ تومان,۳
۱۳۸,۱۳۹۸,۲,لحظاتی پیش در تهران، ولنجک,۱۹٬۰۰۰٬۰۰۰٬۰۰۰ تومان,۳
۵۳,۱۳۹۲,۱,لحظاتی پیش در تهران، لشکر,۳٬۵۵۰٬۰۰۰٬۰۰۰ تومان,۱
۱۰۰,۱۴۰۰,۲,لحظاتی پیش در تهران، مبارک‌آباد بهشتی,۳٬۳۰۰٬۰۰۰٬۰۰۰ تومان,۲
۸۴,۱۳۸۴,۲,لحظاتی پیش در تهران، ایران,۴٬۷۰۰٬۰۰۰٬۰۰۰ تومان,۴
۴۱,۱۳۷۶,بدون اتاق,لحظاتی پیش در تهران، بریانک,۱٬۶۱۰٬۰۰۰٬۰۰۰ تومان,زیرهمکف
۱۸۸,۱۴۰۲,۳,لحظاتی پیش در تهران، زعفرانیه,۵۳٬۰۰۰٬۰۰۰٬۰۰۰ تومان,۳ از ۵
۳۴۵,۱۳۹۵,+۴,لحظاتی پیش در تهران، سعادت‌آباد,۶۵٬۰۰۰٬۰۰۰٬۰۰۰ تومان,۶
۱۱۸,۱۳۸۶,۳,لحظاتی پیش در تهران، سهروردی,۱۴٬۵۰۰٬۰۰۰٬۰۰۰ تومان,۴ از ۵
۱۳۷,۱۴۰۰,۲,لحظاتی پیش در تهران، جردن,۲۱٬۵۰۰٬۰۰۰٬۰۰۰ تومان,۴ از ۵
۱۰۵,۱۴۰۰,۲,لحظاتی پیش در تهران، دربند، کوچه اسداللهی (خ. دربند),۱۳٬۵۰۰٬۰۰۰٬۰۰۰ تومان,۲
۴۳,۱۳۹۳,۱,لحظاتی پیش در تهران، لشکر,۲٬۸۳۰٬۰۰۰٬۰۰۰ تومان,۲
۸۶,۱۳۹۴,۲,لحظاتی پیش در تهران، جنت‌آباد مرکزی,۱۰٬۵۰۰٬۰۰۰٬۰۰۰ تومان,۲
۶۳,۱۳۸۳,۲,لحظاتی پیش در تهران، جنت‌آباد مرکزی، کوچه سوسن آبادی (بلوار مخبری),۶٬۶۱۰٬۰۰۰٬۰۰۰ تومان,۲ از ۴
۲۰۲,۱۴۰۲,۳,لحظاتی پیش در تهران، سعادت‌آباد,۴۰٬۰۰۰٬۰۰۰٬۰۰۰ تومان,۵
۲۳۵,۱۴۰۲,۳,لحظاتی پیش در تهران، سعادت‌آباد,۷۰٬۰۰۰٬۰۰۰٬۰۰۰ تومان,۴
۱۶۵,۱۴۰۲,۳,لحظاتی پیش در تهران، دریاچه شهدای خلیج فارس,۱۱٬۵۰۰٬۰۰۰٬۰۰۰ تومان,۱۲ از ۳۰
۱۰۶,۱۴۰۲,۲,دقایقی پیش در تهران، استاد معین,۸٬۱۶۰٬۰۰۰٬۰۰۰ تومان,۳ از ۶
۲۳۵,۱۴۰۱,۳,دقایقی پیش در تهران، کوهک,۳۰٬۵۵۰٬۰۰۰٬۰۰۰ تومان,۱۹
۲۴۰,۱۳۹۵,۳,دقایقی پیش در تهران، دروس,۴۸٬۰۰۰٬۰۰۰٬۰۰۰ تومان,۳ از ۵
۱۹۰,۱۳۸۴,۳,دقایقی پیش در تهران، دروس,۳۱٬۰۰۰٬۰۰۰٬۰۰۰ تومان,۲
۹۳,۱۳۹۳,۲,دقایقی پیش در تهران، دروس,۱۷٬۶۵۰٬۰۰۰٬۰۰۰ تومان,مشاور املاک
۱۶۰,۱۳۹۷,۳,دقایقی پیش در تهران، سعادت‌آباد,۲۶٬۹۹۹٬۰۰۰٬۰۰۰ تومان,۲ از ۵
۱۳۰,۱۳۹۸,۲,لحظاتی پیش در تهران، دریاچه شهدای خلیج فارس,۱۴٬۵۰۰٬۰۰۰٬۰۰۰ تومان,۱۹
۱۲۲,۱۳۸۵,۲,دقایقی پیش در تهران، پاسداران,۱۴٬۰۰۰٬۰۰۰٬۰۰۰ تومان,۲ از ۴
۲۵۰,۱۴۰۲,۴,دقایقی پیش در تهران، دریاچه شهدای خلیج فارس,۵٬۵۰۰٬۰۰۰٬۰۰۰ تومان,۱۸ از ۱۸
۱۵۰,۱۴۰۱,۳,لحظاتی پیش در تهران، سعادت‌آباد,۳۰٬۰۰۰٬۰۰۰٬۰۰۰ تومان,۵ از ۶
۶۱,۱۳۸۲,۱,لحظاتی پیش در تهران، قنات‌کوثر,۴٬۵۰۰٬۰۰۰٬۰۰۰ تومان,شخصی
۹۲,۱۳۸۱,۲,لحظاتی پیش در تهران، اباذر,۶٬۵۰۰٬۰۰۰٬۰۰۰ تومان,۳
۷۰,۱۳۹۲,۱,دقایقی پیش در تهران، نعمت‌آباد,۲٬۴۵۰٬۰۰۰٬۰۰۰ تومان,شخصی
۴۷,۱۳۹۷,۱,دقایقی پیش در تهران، جیحون,۳٬۱۲۰٬۰۰۰٬۰۰۰ تومان,۱ از ۵
۷۲,۱۳۹۱,۲,لحظاتی پیش در تهران، تهرانپارس شرقی,۵٬۱۰۰٬۰۰۰٬۰۰۰ تومان,۵
۱۴۰,۱۳۹۷,۳,دقایقی پیش در تهران، دروس,۲۴٬۸۰۰٬۰۰۰٬۰۰۰ تومان,۲ از ۵
۹۶,۱۳۹۷,۲,دقایقی پیش در تهران، زنجان,۶٬۳۵۰٬۰۰۰٬۰۰۰ تومان,۱ از ۴
۱۱۵,۱۴۰۲,۳,لحظاتی پیش در تهران، دیلمان,۹٬۳۰۰٬۰۰۰٬۰۰۰ تومان,۳
۸۸,۱۳۹۲,۲,دقایقی پیش در تهران، ازگل,۲۱٬۰۰۰٬۰۰۰٬۰۰۰ تومان,۳
۵۸,۱۳۸۳,۲,لحظاتی پیش در تهران، کوی فردوس,۵٬۶۵۰٬۰۰۰٬۰۰۰ تومان,همکف
۵۴,۱۳۸۱,۱,لحظاتی پیش در تهران، کوی فردوس,۴٬۸۰۰٬۰۰۰٬۰۰۰ تومان,همکف
۵۷,۱۳۸۷,۱,لحظاتی پیش در تهران، سازمان برنامه,۵٬۲۰۰٬۰۰۰٬۰۰۰ تومان,همکف
۶۷,۱۴۰۲,۱,دقایقی پیش در تهران، پونک,۸٬۹۸۰٬۰۰۰٬۰۰۰ تومان,۳ از ۴
۷۳,۱۴۰۰,۲,دقایقی پیش در تهران، فرمانیه، خیابان سلیمی جنوبی (بلوار شهید اندرزگو),۱۱٬۵۰۰٬۰۰۰٬۰۰۰ تومان,۲ از ۴
۱۱۴,۱۴۰۰,۲,دقایقی پیش در تهران، سوهانک، پیرحیاتی (خ. لاله),۱۴٬۸۰۰٬۰۰۰٬۰۰۰ تومان,۲ از ۶
۸۵,۱۴۰۰,۲,دقایقی پیش در تهران، حکیمیه,۱٬۰۵۰٬۰۰۰٬۰۰۰ تومان,شخصی
۱۲۰,۱۳۹۴,۲,دقایقی پیش در تهران، دریاچه شهدای خلیج فارس,۸٬۳۰۰٬۰۰۰٬۰۰۰ تومان,شخصی
۶۰,۱۳۷۷,۱,دقایقی پیش در تهران، خانی‌آباد نو,۵٬۸۰۰٬۰۰۰٬۰۰۰ تومان,شخصی
۱۷۶,۱۴۰۰,۳,لحظاتی پیش در تهران، مرزداران,۳۳٬۰۰۰٬۰۰۰٬۰۰۰ تومان,۳ از ۵
۱۱۶,۱۳۸۶,۳,دقایقی پیش در تهران، شهران جنوبی، بلوار شهران,۱۲٬۲۰۰٬۰۰۰٬۰۰۰ تومان,۵ از ۵
۸۲,۱۳۸۰,۲,دقایقی پیش در تهران، آذربایجان,۴٬۲۵۰٬۰۰۰٬۰۰۰ تومان,۱ از ۴
۱۲۸,۱۳۹۲,۳,لحظاتی پیش در تهران، ایوانک,۲۱٬۸۰۰٬۰۰۰٬۰۰۰ تومان,۳ از ۵
۱۰۷,۱۳۹۳,۲,دقایقی پیش در تهران، پونک,۱۲٬۶۰۰٬۰۰۰٬۰۰۰ تومان,۵ از ۵
۷۵,۱۳۸۸,۲,لحظاتی پیش در تهران، افسریه,۴٬۵۰۰٬۰۰۰٬۰۰۰ تومان,شخصی
۵۰,۱۳۸۲,۱,دقایقی پیش در تهران، جی,۲٬۸۵۰٬۰۰۰٬۰۰۰ تومان,۳ از ۴
۱۸۲,۱۴۰۰,۳,لحظاتی پیش در تهران، جنت‌آباد مرکزی، بلوار بعثت (بلوار جنت آباد مرکزی),۲۲٬۸۰۰٬۰۰۰٬۰۰۰ تومان,۳ از ۵
۶۸,۱۳۸۰,۲,لحظاتی پیش در تهران، پونک، خیابان فکوری,۶٬۳۰۰٬۰۰۰٬۰۰۰ تومان,شخصی
۲۶۰,۱۳۸۴,۴,لحظاتی پیش در تهران، فرمانیه,۳۸٬۰۰۰٬۰۰۰٬۰۰۰ تومان,۶
۴۶,۱۳۹۵,۱,لحظاتی پیش در تهران، جیحون,۳٬۱۰۰٬۰۰۰٬۰۰۰ تومان,۴ از ۴
۱۰۶,۱۴۰۰,۲,لحظاتی پیش در تهران، دریاچه شهدای خلیج فارس، خیابان جوزانی غربی (خیابان طبیعت),۱۰٬۶۰۰٬۰۰۰٬۰۰۰ تومان,۷
۷۸,۱۳۸۵,۲,لحظاتی پیش در تهران، کوی فردوس، خیابان سازمان برنامه شمالی (ب. علامه جعفری),۷٬۹۵۰٬۰۰۰٬۰۰۰ تومان,۱ از ۵
۹۸,۱۳۹۵,۲,لحظاتی پیش در تهران، جنت‌آباد جنوبی,۹٬۶۰۰٬۰۰۰٬۰۰۰ تومان,۳ از ۵
۵۳,۱۳۷۶,۱,دقایقی پیش در تهران، تهرانپارس شرقی، بلوار ناهیدی (جاده دماوند),۴٬۲۵۰٬۰۰۰٬۰۰۰ تومان,مشاور املاک
۱۶۸,قبل از ۱۳۷۰,۲,دقایقی پیش در تهران، عباس‌آباد,۱۶٬۵۰۰٬۰۰۰٬۰۰۰ تومان,شخصی
۱۷۰,۱۳۹۷,۳,لحظاتی پیش در تهران، نیاوران,۴۲٬۰۰۰٬۰۰۰٬۰۰۰ تومان,۱
۷۹,۱۳۹۳,۲,لحظاتی پیش در تهران، کوی فردوس,۸٬۰۰۰٬۰۰۰٬۰۰۰ تومان,۴ از ۵
۸۸,۱۳۸۵,۲,دقایقی پیش در تهران، شهرک پرواز,۷٬۰۰۰٬۰۰۰٬۰۰۰ تومان,۴ از ۴
۱۴۰,۱۳۹۶,۲,لحظاتی پیش در تهران، شهرک شهید باقری,۹٬۷۳۰٬۰۰۰٬۰۰۰ تومان,۳ از ۱۲
۲۲۵,۱۳۸۸,۳,دقایقی پیش در تهران، زعفرانیه,۵۲٬۸۷۵٬۰۰۰٬۰۰۰ تومان,۶
۵۴,۱۳۸۰,۱,لحظاتی پیش در تهران، جیحون,۳٬۶۰۰٬۰۰۰٬۰۰۰ تومان,۱ از ۴
۹۶,۱۳۸۹,۲,لحظاتی پیش در تهران، پونک، خیابان سردار جنگل شمال,۹٬۹۰۰٬۰۰۰٬۰۰۰ تومان,۱ از ۵
۱۴۸,۱۴۰۱,۳,لحظاتی پیش در تهران، سلسبیل,۱٬۲۰۰٬۰۰۰٬۰۰۰ تومان,شخصی
۱۳۰,۱۳۸۶,۲,لحظاتی پیش در تهران، قیطریه,۱۷٬۸۰۰٬۰۰۰٬۰۰۰ تومان,۵
۱۸۵,۱۳۸۵,۳,دقایقی پیش در تهران، ونک، میدان شیخ بهایی (خیابان شیخ بهائی),۲۰٬۳۵۰٬۰۰۰٬۰۰۰ تومان,۵ از ۵
۳۳۵,۱۳۹۵,۴,دقایقی پیش در تهران، الهیه,۸۴٬۰۰۰٬۰۰۰٬۰۰۰ تومان,۲۴
۱۰۹,۱۳۷۹,۲,دقایقی پیش در تهران، ظفر,۱۲٬۲۰۰٬۰۰۰٬۰۰۰ تومان,۲
۴۰,۱۳۸۸,۱,دقایقی پیش در تهران، مسعودیه، بلوار ابومسلم خراسانی,۲٬۵۰۰٬۰۰۰٬۰۰۰ تومان,شخصی
۶۵,۱۴۰۲,۲,دقایقی پیش در تهران، آبشار,۲٬۵۰۰٬۰۰۰٬۰۰۰ تومان,۱۰
۸۵,۱۳۸۰,۲,دقایقی پیش در تهران، اقدسیه,۸٬۲۰۰٬۰۰۰٬۰۰۰ تومان,شخصی
۱۱۵,۱۳۹۵,۲,دقایقی پیش در تهران، زعفرانیه,۳۰٬۰۰۰٬۰۰۰٬۰۰۰ تومان,۴
۱۸۵,۱۴۰۱,۳,دقایقی پیش در تهران، زعفرانیه,۴۵٬۰۰۰٬۰۰۰٬۰۰۰ تومان,۵
۹۵,۱۳۹۸,۲,دقایقی پیش در تهران، نارمک,۱۱٬۰۰۰٬۰۰۰٬۰۰۰ تومان,۱ از ۴
۵۳,۱۳۹۶,۲,دقایقی پیش در تهران، اندیشه (شهر زیبا),۱٬۹۰۰٬۰۰۰٬۰۰۰ تومان,۱ از ۳
۱۱۶,۱۳۹۲,۲,دقایقی پیش در تهران، سعادت‌آباد,۱۴٬۰۰۰٬۰۰۰٬۰۰۰ تومان,۲
۵۶,۱۳۹۱,۱,لحظاتی پیش در تهران، امامزاده حسن(ع)، خیابان امامزاده حسن (امین الملک) (خ. قزوین),۳٬۹۵۰٬۰۰۰٬۰۰۰ تومان,۴ از ۴
۱۳۹,۱۴۰۲,۳,لحظاتی پیش در تهران، پونک,۲۳٬۰۰۰٬۰۰۰٬۰۰۰ تومان,۵
۱۱۸,۱۴۰۱,۲,لحظاتی پیش در تهران، میرداماد,۱۹٬۵۰۰٬۰۰۰٬۰۰۰ تومان,۲
۸۰,۱۳۸۹,۲,لحظاتی پیش در تهران، شهرآرا,۸٬۷۵۰٬۰۰۰٬۰۰۰ تومان,۲
۲۱۷,۱۳۹۹,۳,لحظاتی پیش در تهران، زعفرانیه,۸۸٬۰۰۰٬۰۰۰٬۰۰۰ تومان,۴
۸۰,۱۴۰۲,۲,دقایقی پیش در تهران، مبارک‌آباد بهشتی,۲٬۴۰۰٬۰۰۰٬۰۰۰ تومان,۲
۳۱۸,۱۳۸۵,۳,دقایقی پیش در تهران، الهیه,۶۲٬۰۰۰٬۰۰۰٬۰۰۰ تومان,۶
۱۲۴,۱۳۸۷,۲,دقایقی پیش در تهران، ایران,۸٬۴۰۰٬۰۰۰٬۰۰۰ تومان,شخصی
۷۵,۱۳۹۵,۲,لحظاتی پیش در تهران، مرزداران,۸٬۹۰۰٬۰۰۰٬۰۰۰ تومان,۴ از ۵
۱۰۵,۱۳۹۹,۲,دقایقی پیش در تهران، ظفر,۱۶٬۲۷۵٬۰۰۰٬۰۰۰ تومان,۵
۱۵۵,۱۴۰۲,۳,لحظاتی پیش در تهران، کوی فراز,۲۷٬۰۰۰٬۰۰۰٬۰۰۰ تومان,۱ از ۶
۹۵,۱۳۹۵,۲,دقایقی پیش در تهران، نیاوران,۱۵٬۵۰۰٬۰۰۰٬۰۰۰ تومان,۱ از ۵
۸۰,۱۴۰۲,۲,دقایقی پیش در تهران، خواجه نظام الملک، میدان نامجو (خیابان نامجو),۶٬۳۰۰٬۰۰۰٬۰۰۰ تومان,۴ از ۵
۳۶,۱۳۹۷,بدون اتاق,دقایقی پیش در تهران، آذربایجان، خیابان رودکی شمالی (خیابان رودکی جنوبی),۲٬۵۰۰٬۰۰۰٬۰۰۱ تومان,۱ از ۵
۹۳,۱۴۰۰,۲,لحظاتی پیش در تهران، مبارک‌آباد بهشتی,۲٬۹۰۰٬۰۰۰٬۰۰۰ تومان,۳
۸۰,۱۴۰۲,۲,دقایقی پیش در تهران، جمهوری، خیابان کارگر جنوبی,۳٬۶۰۰٬۰۰۰٬۰۰۰ تومان,۴
۷۰,۱۳۸۶,۲,لحظاتی پیش در تهران، ستارخان,۷٬۶۰۰٬۰۰۰٬۰۰۰ تومان,۶ از ۶
۱۱۵,۱۳۹۵,۲,لحظاتی پیش در تهران، مرزداران,۱۴٬۵۶۰٬۰۰۰٬۰۰۰ تومان,۴ از ۵
۱۸۰,۱۳۹۹,۳,دقایقی پیش در تهران، ولنجک، خیابان ولنجک,۴۱٬۰۰۰٬۰۰۰٬۰۰۰ تومان,۵ از ۶
۲۲۰,قبل از ۱۳۷۰,۴,لحظاتی پیش در تهران، بلوار کشاورز,۱۳٬۲۰۰٬۰۰۰٬۰۰۰ تومان,۲ از ۶
۵۱,۱۳۹۵,۱,دقایقی پیش در تهران، جیحون,۳٬۳۰۰٬۰۰۰٬۰۰۰ تومان,۴ از ۵
۷۷,۱۳۷۷,۲,دقایقی پیش در تهران، سیزده آبان، کنارگذر رجایی (خ. شهید رجایی),۳٬۲۰۰٬۰۰۰٬۰۰۰ تومان,شخصی
۱۲۳,۱۴۰۲,۲,دقایقی پیش در تهران، پاسداران,۱۶٬۰۰۰٬۰۰۰٬۰۰۰ تومان,۱۲ از ۱۲
۵۵,۱۳۹۰,۱,دقایقی پیش در تهران، وردآورد,۳٬۰۰۰٬۰۰۰٬۰۰۰ تومان,مشاور املاک
۳۸۰,۱۳۹۹,۳,دقایقی پیش در تهران، زعفرانیه,۱۰۰٬۰۰۰٬۰۰۰٬۰۰۰ تومان,۸
۹۵,۱۴۰۲,۲,دقایقی پیش در تهران، نازی‌آباد، خیابان برادران احدی,۸٬۱۰۰٬۰۰۰٬۰۰۰ تومان,شخصی
۳۲۰,۱۳۹۷,۳,لحظاتی پیش در تهران، زعفرانیه,۵۰٬۰۰۰٬۰۰۰٬۰۰۰ تومان,۲
۱۳۰,۱۳۸۸,۲,لحظاتی پیش در تهران، ولنجک,۲۰٬۰۰۰٬۰۰۰٬۰۰۰ تومان,۱۰
۴۲,۱۳۸۰,۱,دقایقی پیش در تهران، بریانک، خیابان محبوب مجاز (کنارگذر نواب),۲٬۲۵۰٬۰۰۰٬۰۰۰ تومان,۲ از ۳
۶۸,۱۳۹۴,۲,دقایقی پیش در تهران، اندیشه (شهر زیبا),۱٬۸۰۰٬۰۰۰٬۰۰۰ تومان,مشاور املاک
۴۰,۱۳۸۲,۱,دقایقی پیش در تهران، پیروزی، کنارگذر پیروزی (کنارگذر امام علی),۲٬۵۳۰٬۰۰۰٬۰۰۰ تومان,۱ از ۳
۸۲,۱۳۸۲,۲,دقایقی پیش در تهران، کوی فردوس,۷٬۵۰۰٬۰۰۰٬۰۰۰ تومان,۴
۱۰۱,۱۳۹۷,۲,دقایقی پیش در تهران، کوی فردوس,۱۱٬۱۰۰٬۰۰۰٬۰۰۰ تومان,۲
۵۹,۱۳۹۱,۲,دقایقی پیش در تهران، اندیشه (شهر زیبا),۱٬۹۵۰٬۰۰۰٬۰۰۰ تومان,۲ از ۶
۲۴۳,۱۳۹۲,۳,دقایقی پیش در تهران، زعفرانیه، خیابان ثارالله (خ. کامبیز),۶۰٬۰۰۰٬۰۰۰٬۰۰۰ تومان,۹
۲۱۹,۱۳۹۷,۳,لحظاتی پیش در تهران، پاسداران,۴۱٬۱۰۰٬۰۰۰٬۰۰۰ تومان,۴ از ۷
۳۷۰,۱۳۹۷,۴,دقایقی پیش در تهران، پاسداران,۹۰٬۰۰۰٬۰۰۰٬۰۰۰ تومان,۴ از ۶
۲۷۰,۱۳۹۷,۴,لحظاتی پیش در تهران، پاسداران,۴۸٬۵۰۰٬۰۰۰٬۰۰۰ تومان,۴ از ۶
۶۳,۱۳۸۷,۱,دقایقی پیش در تهران، نازی‌آباد,۳٬۵۰۰٬۰۰۰٬۰۰۰ تومان,شخصی
۵۰,۱۳۸۲,۱,لحظاتی پیش در تهران، امیرآباد,۴٬۹۰۰٬۰۰۰٬۰۰۰ تومان,۲ از ۳
۶۹,۱۳۹۴,۲,دقایقی پیش در تهران، هفت چنار، خیابان خوش جنوبی (خ. هاشمی),۴٬۷۰۰٬۰۰۰٬۰۰۰ تومان,۱ از ۵
۲۴۰,۱۴۰۲,۳,دقایقی پیش در تهران، فرمانیه,۵۲٬۵۰۰٬۰۰۰٬۰۰۰ تومان,۲۲
۱۱۳,۱۳۹۴,۲,دقایقی پیش در تهران، جنت‌آباد مرکزی، خیابان بصارتی (بلوار کبیری طامه شمالی),۱۲٬۵۰۰٬۰۰۰٬۰۰۰ تومان,۳ از ۵
۱۶۰,۱۴۰۱,۳,دقایقی پیش در تهران، پاسداران، خیابان پاسداران,۲۸٬۸۰۰٬۰۰۰٬۰۰۰ تومان,۳ از ۵
۱۲۷,۱۳۹۰,۲,دقایقی پیش در تهران، آبشار تهران,۷٬۷۵۰٬۰۰۰٬۰۰۰ تومان,۴
۱۸۰,۱۴۰۲,۳,دقایقی پیش در تهران، پاسداران,۴۴٬۰۰۰٬۰۰۰٬۰۰۰ تومان,۴ از ۶
۱۹۴,۱۴۰۲,۳,دقایقی پیش در تهران، پاسداران، کوچه گلستان,۲۲٬۳۱۰٬۰۰۰٬۰۰۰ تومان,۹ از ۱۱
۱۱۰,۱۳۸۹,۲,دقایقی پیش در تهران، ولنجک,۱۸٬۸۰۰٬۰۰۰٬۰۰۰ تومان,۵
۴۲,۱۳۹۷,۱,دقایقی پیش در تهران، خزانه,۲٬۱۴۵٬۰۰۰٬۰۰۰ تومان,۱ از ۴
۶۷,۱۳۹۴,۲,دقایقی پیش در تهران، اندیشه (شهر زیبا),۳٬۳۷۰٬۰۰۰٬۰۰۰ تومان,۲ از ۳
۱۷۰,۱۳۹۸,۳,دقایقی پیش در تهران، میرداماد,۲۷٬۰۰۰٬۰۰۰٬۰۰۰ تومان,۴
۲۵۵,۱۳۸۵,۴,لحظاتی پیش در تهران، فرمانیه,۳۸٬۰۰۰٬۰۰۰٬۰۰۰ تومان,۵ از ۵
۲۰۰,۱۴۰۱,۳,دقایقی پیش در تهران، زعفرانیه,۶۰٬۰۰۰٬۰۰۰٬۰۰۰ تومان,۲
۱۸۱,۱۳۹۲,۳,دقایقی پیش در تهران، پاسداران، خیابان محسنیان (خ. سوری),۲۹٬۰۰۰٬۰۰۰٬۰۰۰ تومان,۳ از ۵
۱۸۳,۱۳۹۲,۳,دقایقی پیش در تهران، نیاوران,۳۳٬۴۸۵٬۰۰۰٬۰۰۰ تومان,۲
۱۱۰,۱۴۰۱,۲,دقایقی پیش در تهران، پاسداران,۱۴٬۰۰۰٬۰۰۰٬۰۰۰ تومان,۷
۲۷۰,۱۳۹۶,۳,دقایقی پیش در تهران، نیاوران,۶۲٬۰۰۰٬۰۰۰٬۰۰۰ تومان,۶ از ۸
۴۰,۱۴۰۲,۱,دقایقی پیش در تهران، سبلان، خیابان سبلان شمالی (ب. امام علی),۲٬۸۲۰٬۰۰۰٬۰۰۰ تومان,۲ از ۴
۶۷,۱۳۸۵,۲,لحظاتی پیش در تهران، شهرک شهید باقری,۵٬۱۰۰٬۰۰۰٬۰۰۰ تومان,۴
۱۲۵,۱۳۹۱,۳,دقایقی پیش در تهران، سرو آزاد,۹٬۵۰۰٬۰۰۰٬۰۰۰ تومان,۳ از ۳
۷۶,۱۳۹۶,۱,دقایقی پیش در تهران، هروی,۹٬۸۰۰٬۰۰۰٬۰۰۰ تومان,۲ از ۵
۱۰۲,۱۳۸۵,۲,دقایقی پیش در تهران، شهران شمالی,۱۰٬۸۰۰٬۰۰۰٬۰۰۰ تومان,۱ از ۵
۱۲۰,۱۳۸۵,۲,دقایقی پیش در تهران، سعادت‌آباد، خیابان علامه طباطبایی جنوبی (بلوار فرهنگ),۱۶٬۰۰۰٬۰۰۰٬۰۰۰ تومان,۱ از ۵
۱۳۴,۱۳۹۷,۲,دقایقی پیش در تهران، کامرانیه,۲۳٬۲۰۰٬۰۰۰٬۰۰۰ تومان,۱ از ۵
۸۹,۱۳۹۹,۲,دقایقی پیش در تهران، وحیدیه,۶٬۶۰۰٬۰۰۰٬۰۰۰ تومان,۵
۱۳۱,۱۳۸۲,۲,لحظاتی پیش در تهران، شهرک غرب,۳۰٬۷۸۵٬۰۰۰٬۰۰۰ تومان,شخصی
۱۱۲,۱۴۰۲,۲,دقایقی پیش در تهران، صادقیه,۲٬۵۷۶٬۰۰۰٬۰۰۰ تومان,۱۰
۷۴,۱۳۸۲,۲,لحظاتی پیش در تهران، جنت‌آباد جنوبی,۷٬۰۰۰٬۰۰۰٬۰۰۰ تومان,۴
۱۰۰,۱۴۰۲,۲,دقایقی پیش در تهران، دریاچه شهدای خلیج فارس,۲۲٬۰۰۰٬۰۰۰٬۰۰۰ تومان,۱۵ از ۱۵
۱۵۱,۱۳۸۸,۳,دقایقی پیش در تهران، دروس,۲۰٬۴۵۰٬۰۰۰٬۰۰۰ تومان,۵
۱۰۰,۱۴۰۲,۲,دقایقی پیش در تهران، دریاچه شهدای خلیج فارس,۲٬۶۰۰٬۰۰۰٬۰۰۰ تومان,۸ از ۱۵
۲۷۷,۱۳۹۱,۴,دقایقی پیش در تهران، دروس,۳۴٬۰۰۰٬۰۰۰٬۰۰۰ تومان,۳
۱۱۸,۱۴۰۲,۲,دقایقی پیش در تهران، قیطریه,۲۹٬۰۰۰٬۰۰۰٬۰۰۰ تومان,۵ از ۶
۹۵,قبل از ۱۳۷۰,۲,دقایقی پیش در تهران، سلسبیل,۴٬۷۰۰٬۰۰۰٬۰۰۰ تومان,شخصی
۹۷,۱۳۹۵,۲,دقایقی پیش در تهران، اختیاریه,۱۳٬۱۰۰٬۰۰۰٬۰۰۰ تومان,۳ از ۵
۱۸۰,۱۳۸۸,۳,دقایقی پیش در تهران، الهیه,۲۳٬۰۰۰٬۰۰۰٬۰۰۰ تومان,۵
۱۱۱,۱۳۸۷,۲,دقایقی پیش در تهران، اختیاریه,۱۳٬۰۰۰٬۰۰۰٬۰۰۰ تومان,۱
۲۱۷,۱۴۰۲,۳,دقایقی پیش در تهران، پاسداران,۳۴٬۶۰۰٬۰۰۰٬۰۰۰ تومان,۱
۱۰۸,۱۳۸۰,۲,دقایقی پیش در تهران، زعفرانیه,۱۸٬۵۰۰٬۰۰۰٬۰۰۰ تومان,۳ از ۴
۶۵,۱۳۸۶,۲,لحظاتی پیش در تهران، شهرک کیانشهر,۲٬۲۰۰٬۰۰۰٬۰۰۰ تومان,شخصی
۱۸۳,۱۴۰۱,۳,دقایقی پیش در تهران، هروی، خیابان مژده (خ. وفامنش),۱۹٬۸۰۰٬۰۰۰٬۰۰۰ تومان,۷ از ۱۱
۱۳۶,۱۳۹۸,۳,دقایقی پیش در تهران، پاسداران,۱۶٬۷۰۰٬۰۰۰٬۰۰۰ تومان,۴ از ۴
۱۴۰,۱۴۰۰,۳,دقایقی پیش در تهران، اباذر,۱۸٬۵۰۰٬۰۰۰٬۰۰۰ تومان,۵ از ۵
۵۳,۱۳۹۵,۱,دقایقی پیش در تهران، سیزده آبان,۲٬۵۲۰٬۰۰۰٬۰۰۰ تومان,شخصی
۱۳۵,۱۳۹۹,۲,دقایقی پیش در تهران، ازگل,۲۲٬۹۵۰٬۰۰۰٬۰۰۰ تومان,۹ از ۱۰
۱۱۰,۱۳۹۴,۲,دقایقی پیش در تهران، تاکسیرانی,۱۰٬۰۰۰٬۰۰۰٬۰۰۰ تومان,شخصی
۱۰۶,۱۳۹۶,۲,لحظاتی پیش در تهران، جردن، بلوار گیتی (کوچه مشیری),۱۴٬۳۵۰٬۰۰۰٬۰۰۰ تومان,۳ از ۵
۱۶۲,۱۴۰۲,۳,لحظاتی پیش در تهران، اتابک,۲٬۶۹۵٬۰۰۰٬۰۰۰ تومان,شخصی
۱۲۵,۱۳۸۷,۲,دقایقی پیش در تهران، الهیه,۱۸٬۵۰۰٬۰۰۰٬۰۰۰ تومان,۳ از ۸
۳۱۰,۱۴۰۲,۴,دقایقی پیش در تهران، الهیه,۹۳٬۰۰۰٬۰۰۰٬۰۰۰ تومان,۶
۴۱,۱۳۸۰,۱,لحظاتی پیش در تهران، جی، خیابان سبحانی (خ. قزوین),۲٬۴۰۰٬۰۰۰٬۰۰۰ تومان,۳ از ۴
۱۶۵,۱۴۰۲,۳,دقایقی پیش در تهران، کوی فردوس,۱۸٬۵۰۰٬۰۰۰٬۰۰۰ تومان,۴
۱۲۵,۱۴۰۲,۲,دقایقی پیش در تهران، آبشار تهران,۳٬۴۰۰٬۰۰۰٬۰۰۰ تومان,۲۲
۸۴,۱۳۹۷,۲,دقایقی پیش در تهران، جنت‌آباد شمالی، خیابان جوانمرد (شقایق),۹٬۵۹۰٬۰۰۰٬۰۰۰ تومان,۵ از ۵
۶۵,۱۳۹۸,۱,دقایقی پیش در تهران، شهران جنوبی,۶٬۴۰۰٬۰۰۰٬۰۰۰ تومان,۸ از ۹
۱۷۵,۱۳۹۷,۳,دقایقی پیش در تهران، هروی,۲۷٬۰۰۰٬۰۰۰٬۰۰۰ تومان,۲ از ۵
۶۰,۱۳۸۶,۱,لحظاتی پیش در تهران، فلاح، خیابان سجاد جنوبی (خ. ابوذر),۲٬۰۷۰٬۰۰۰٬۰۰۰ تومان,۱ از ۴
۸۶,۱۳۹۰,۲,لحظاتی پیش در تهران، سازمان برنامه,۸٬۲۰۰٬۰۰۰٬۰۰۰ تومان,۲
۶۰,۱۳۹۲,۱,لحظاتی پیش در تهران، دروس,۹٬۹۵۰٬۰۰۰٬۰۰۰ تومان,۱ از ۴
۷۸,۱۳۸۶,۲,لحظاتی پیش در تهران، سازمان برنامه، بلوار شقایق مرکزی (بزرگراه حکیم),۶٬۸۸۰٬۰۰۰٬۰۰۰ تومان,۱ از ۴
۲۴۰,۱۴۰۲,۳,لحظاتی پیش در تهران، زعفرانیه,۶٬۷۰۰٬۰۰۰٬۰۰۰ تومان,۲
۵۱,۱۳۹۵,۱,لحظاتی پیش در تهران، مولوی، میدان محمدیه (خیابان مولوی),۲٬۰۰۰٬۰۰۰٬۰۰۰ تومان,۱ از ۴
۷۸,۱۳۹۹,۲,لحظاتی پیش در تهران، مولوی,۲٬۴۹۰٬۰۰۰٬۰۰۰ تومان,۴ از ۵
۵۳,۱۴۰۰,۱,لحظاتی پیش در تهران، سعادت‌آباد,۱۲٬۰۰۰٬۰۰۰٬۰۰۰ تومان,۳ از ۵
۹۰,۱۳۸۲,۲,لحظاتی پیش در تهران، شهرک نفت (منطقه ۵),۸٬۵۰۰٬۰۰۰٬۰۰۰ تومان,۲
۸۸,۱۳۹۵,۲,لحظاتی پیش در تهران، جنت‌آباد جنوبی,۹٬۲۰۰٬۰۰۰٬۰۰۰ تومان,۵ از ۵
۱۱۵,۱۳۹۷,۲,لحظاتی پیش در تهران، ستارخان,۱۲٬۳۰۰٬۰۰۰٬۰۰۰ تومان,۴ از ۵
۱۳۷,۱۴۰۲,۲,لحظاتی پیش در تهران، نیرو هوایی,۱۲٬۳۳۰٬۰۰۰٬۰۰۰ تومان,شخصی
۱۰۱,۱۳۸۶,۲,لحظاتی پیش در تهران، جنت‌آباد مرکزی,۹٬۳۰۰٬۰۰۰٬۰۰۰ تومان,۲
۱۱۴,۱۴۰۱,۲,لحظاتی پیش در تهران، هفت حوض,۱۳٬۷۰۰٬۰۰۰٬۰۰۰ تومان,۴ از ۵
۸۰,۱۳۷۹,۲,لحظاتی پیش در تهران، سازمان برنامه، خیابان سازمان برنامه شمالی (ب. علامه جعفری),۸٬۱۸۰٬۰۰۰٬۰۰۰ تومان,۵
۱۰۳,۱۳۸۸,۲,لحظاتی پیش در تهران، سازمان برنامه، بلوار فردوس (ب. ستاری),۹٬۷۰۰٬۰۰۰٬۰۰۰ تومان,۲ از ۴
۴۵,۱۳۸۹,۱,لحظاتی پیش در تهران، یافت‌آباد، میدان الغدیر (بلوار الغدیر),۲٬۰۰۰٬۰۰۰٬۰۰۰ تومان,شخصی
۱۱۰,۱۴۰۲,۲,لحظاتی پیش در تهران، دریاچه شهدای خلیج فارس,۱۰٬۰۰۰٬۰۰۰٬۰۰۰ تومان,۴ از ۲۵
۶۱,۱۳۸۰,۲,لحظاتی پیش در تهران، بهار,۴٬۹۰۰٬۰۰۰٬۰۰۰ تومان,۲ از ۳
۱۲۰,۱۴۰۱,۲,لحظاتی پیش در تهران، زعفرانیه,۳۶٬۰۰۰٬۰۰۰٬۰۰۰ تومان,۳
۴۰,۱۳۸۳,۱,لحظاتی پیش در تهران، پیروزی,۲٬۷۵۰٬۰۰۰٬۰۰۰ تومان,شخصی
۶۴,۱۳۸۵,۲,لحظاتی پیش در تهران، جنت‌آباد جنوبی,۵٬۸۰۰٬۰۰۰٬۰۰۰ تومان,۳
۶۰,۱۳۹۸,۱,لحظاتی پیش در تهران، مبارک‌آباد بهشتی,۲٬۰۴۰٬۰۰۰٬۰۰۰ تومان,۱
۷۴,۱۳۹۲,۱,دقایقی پیش در تهران، دانشگاه شریف، میدان دکتر حسینی (خیابان حبیب الله),۵٬۷۵۰٬۰۰۰٬۰۰۰ تومان,۳ از ۴
۱۱۰,۱۴۰۲,۲,لحظاتی پیش در تهران، آبشار تهران,۳٬۳۰۰٬۰۰۰٬۰۰۰ تومان,۱۷ از ۱۹
۶۷,۱۳۹۷,۱,دقایقی پیش در تهران، مبارک‌آباد بهشتی,۱٬۷۴۰٬۰۰۰٬۰۰۰ تومان,۳ از ۳
۱۱۲,۱۳۹۵,۳,دقایقی پیش در تهران، مرزداران,۱۲٬۵۰۰٬۰۰۰٬۰۰۰ تومان,۴
۴۴,۱۳۸۲,۱,لحظاتی پیش در تهران، جنت‌آباد شمالی,۵٬۳۹۵٬۰۰۰٬۰۰۰ تومان,۳ از ۵
۲۰۰,۱۳۹۹,۳,دقایقی پیش در تهران، نیاوران,۳۹٬۰۰۰٬۰۰۰٬۰۰۰ تومان,۵
۱۸۵,۱۴۰۲,۳,دقایقی پیش در تهران، سعادت‌آباد,۴۶٬۲۵۰٬۰۰۰٬۰۰۰ تومان,مشاور املاک
۱۱۲,۱۴۰۲,۲,دقایقی پیش در تهران، دهکده المپیک,۱۴٬۰۰۰٬۰۰۰٬۰۰۰ تومان,۲ از ۳
۵۴۰,۱۴۰۲,+۴,دقایقی پیش در تهران، زعفرانیه,۲۳۷٬۶۰۰٬۰۰۰٬۰۰۰ تومان,۸
۸۲,۱۳۹۵,۲,دقایقی پیش در تهران، پونک,۸٬۲۵۰٬۰۰۰٬۰۰۰ تومان,۲ از ۵
۹۸,۱۴۰۱,۲,دقایقی پیش در تهران، مرزداران,۱۵٬۷۰۰٬۰۰۰٬۰۰۰ تومان,۱ از ۱۰
۱۰۲,قبل از ۱۳۷۰,۲,دقایقی پیش در تهران، گیشا (کوی نصر),۱۴٬۰۰۰٬۰۰۰٬۰۰۰ تومان,شخصی
۴۵۵,۱۴۰۲,۴,لحظاتی پیش در تهران، الهیه,۱۶۰٬۰۰۰٬۰۰۰٬۰۰۰ تومان,۸
۹۵,۱۳۹۲,۲,دقایقی پیش در تهران، بهار,۸٬۷۰۰٬۰۰۰٬۰۰۰ تومان,۲ از ۵
۹۴,۱۳۹۴,۲,لحظاتی پیش در تهران، سازمان برنامه، خیابان سازمان برنامه مرکزی (ب. علامه جعفری),۸٬۹۰۰٬۰۰۰٬۰۰۰ تومان,۲ از ۵
۱۱۷,۱۴۰۲,۲,دقایقی پیش در تهران، پاسداران,۱۴٬۵۰۰٬۰۰۰٬۰۰۰ تومان,۷ از ۱۱
۱۲۹,۱۳۹۲,۳,دقایقی پیش در تهران، پونک,۱۵٬۸۰۰٬۰۰۰٬۰۰۰ تومان,۴
۱۲۳,۱۳۹۳,۲,دقایقی پیش در تهران، باغ فیض,۱۱٬۸۰۰٬۰۰۰٬۰۰۰ تومان,۱ از ۵
۷۷,۱۳۹۵,۲,دقایقی پیش در تهران، کرمان,۷٬۵۰۰٬۰۰۰٬۰۰۰ تومان,شخصی
۱۱۲,۱۴۰۲,۲,دقایقی پیش در تهران، کوهک,۱٬۹۰۴٬۰۰۰٬۰۰۰ تومان,۱۰
۱۲۰,۱۳۹۴,۲,دقایقی پیش در تهران، کوی فردوس,۱۳٬۵۰۰٬۰۰۰٬۰۰۰ تومان,۲ از ۶
۱۸۵,۱۴۰۱,۳,دقایقی پیش در تهران، فرمانیه,۲۴٬۰۵۰٬۰۰۰٬۰۰۰ تومان,۸ از ۱۱
۱۱۲,۱۳۸۵,۲,دقایقی پیش در تهران، میرداماد,۱۳٬۸۵۰٬۰۰۰٬۰۰۰ تومان,۳ از ۵
۱۰۳,۱۴۰۱,۲,دقایقی پیش در تهران، هروی,۱۳٬۹۰۰٬۰۰۰٬۰۰۰ تومان,۷ از ۱۱
۱۸۰,۱۴۰۱,۳,دقایقی پیش در تهران، پاسداران,۲۱٬۶۰۰٬۰۰۰٬۰۰۰ تومان,۶ از ۱۱
۲۱۰,۱۳۸۸,۳,دقایقی پیش در تهران، الهیه,۴۰٬۰۰۰٬۰۰۰٬۰۰۰ تومان,۳ از ۵
۱۲۹,۱۴۰۱,۲,دقایقی پیش در تهران، پاسداران,۱۷٬۰۰۰٬۰۰۰٬۰۰۰ تومان,۷
۱۰۳,۱۳۸۳,۲,دقایقی پیش در تهران، پونک,۱۲٬۵۰۰٬۰۰۰٬۰۰۰ تومان,۶ از ۶
۱۰۶,۱۴۰۲,۲,لحظاتی پیش در تهران، مرزداران,۱۴٬۰۰۰٬۰۰۰٬۰۰۰ تومان,۴ از ۵
۷۵,۱۴۰۲,۲,دقایقی پیش در تهران، مبارک‌آباد بهشتی,۲٬۱۷۵٬۰۰۰٬۰۰۰ تومان,۲
۱۵۰,۱۴۰۲,۳,دقایقی پیش در تهران، پیروزی,۲۲٬۵۰۰٬۰۰۰٬۰۰۰ تومان,۳
۸۸,۱۳۹۹,۲,دقایقی پیش در تهران، مبارک‌آباد بهشتی,۲٬۶۶۰٬۰۰۰٬۰۰۰ تومان,۲
۶۰,۱۳۸۰,۱,دقایقی پیش در تهران، بهارستان,۳٬۰۰۰٬۰۰۰٬۰۰۰ تومان,شخصی
۵۰,۱۴۰۱,۱,دقایقی پیش در تهران، پلیس,۳٬۴۰۰٬۰۰۰٬۰۰۰ تومان,۳ از ۶
۱۰۸,۱۴۰۲,۲,لحظاتی پیش در تهران، پاسداران,۱۶٬۲۰۰٬۰۰۰٬۰۰۰ تومان,۳ از ۴
۷۰,۱۳۹۵,۲,دقایقی پیش در تهران، آبشار، خیابان هفده شهریور,۵٬۵۰۰٬۰۰۰٬۰۰۰ تومان,شخصی
۱۲۲,۱۳۹۳,۲,دقایقی پیش در تهران، گیشا (کوی نصر),۱۶٬۵۰۰٬۰۰۰٬۰۰۰ تومان,۲ از ۵
۵۰,۱۳۹۱,۱,دقایقی پیش در تهران، پیروزی,۴٬۰۰۰٬۰۰۰٬۰۰۰ تومان,شخصی
۹۰,۱۴۰۲,۲,دقایقی پیش در تهران، اوقاف,۱٬۰۰۰٬۰۰۰٬۰۰۰ تومان,شخصی
۱۱۰,۱۳۹۷,۲,دقایقی پیش در تهران، گیشا (کوی نصر),۱۸٬۵۰۰٬۰۰۰٬۰۰۰ تومان,۵ از ۵
۶۸,۱۳۹۰,۲,دقایقی پیش در تهران، پونک، کنارگذر سردارجنگل (بلوار سردار جنگل),۷٬۶۵۰٬۰۰۰٬۰۰۰ تومان,۲
۱۰۵,۱۳۹۲,۲,دقایقی پیش در تهران، دریان‌نو، میدان دریان نو (خیابان چهارم),۱۲٬۷۰۰٬۰۰۰٬۰۰۰ تومان,مشاور املاک
۷۱,۱۳۹۴,۲,دقایقی پیش در تهران، گرگان، میدان نامجو (گرگان) (خیابان نامجو),۴٬۸۲۸٬۰۰۰٬۰۰۰ تومان,۲ از ۴
۱۰۳,۱۳۸۹,۲,دقایقی پیش در تهران، ایران، کوچه کلاردشت (خ. درخشان),۸٬۵۰۰٬۰۰۰٬۰۰۰ تومان,مشاور املاک
۱۱۰,۱۳۸۴,۲,لحظاتی پیش در تهران، اباذر، خیابان بهنام (بلوار آیت الله کاشانی),۸٬۷۰۰٬۰۰۰٬۰۰۰ تومان,۲ از ۵
۱۱۰,۱۴۰۲,۲,دقایقی پیش در تهران، یوسف‌آباد,۱۷٬۰۰۰٬۰۰۰٬۰۰۰ تومان,۴ از ۵
۵۳,۱۳۹۲,۱,دقایقی پیش در تهران، شمیران‌نو,۱٬۲۵۰٬۰۰۰٬۰۰۰ تومان,زیرهمکف از ۳
۱۵۰,۱۴۰۲,۳,دقایقی پیش در تهران، یوسف‌آباد,۲۲٬۰۰۰٬۰۰۰٬۰۰۰ تومان,۵ از ۵
۵۸,۱۳۷۶,۱,لحظاتی پیش در تهران، مجیدیه,۳٬۸۰۰٬۰۰۰٬۰۰۰ تومان,زیرهمکف از ۵
۹۲,۱۴۰۲,۲,دقایقی پیش در تهران، یوسف‌آباد، خیابان اسدآبادی (خیابان ولیعصر),۱۶٬۱۰۰٬۰۰۰٬۰۰۰ تومان,۳ از ۵
۶۰,۱۳۸۹,۱,دقایقی پیش در تهران، خاوران,۳٬۰۰۰٬۰۰۰٬۰۰۰ تومان,۴
۱۴۵,۱۳۹۲,۳,دقایقی پیش در تهران، دریاچه شهدای خلیج فارس، خیابان ورودی شماره یک ایران مال,۱۲٬۳۲۵٬۰۰۰٬۰۰۰ تومان,۱۰ از ۱۷
۱۱۰,۱۴۰۱,۲,دقایقی پیش در تهران، شهرک راه‌آهن,۱٬۶۶۰٬۰۰۰٬۰۰۰ تومان,۸
۲۰۰,۱۴۰۲,۳,دقایقی پیش در تهران، یوسف‌آباد,۴۰٬۰۰۰٬۰۰۰٬۰۰۰ تومان,۲ از ۲
۷۲,۱۳۹۵,۲,دقایقی پیش در تهران، جلیلی، خیابان برادران آقایاری (خ. عسگری),۳٬۹۶۰٬۰۰۰٬۰۰۰ تومان,۳ از ۵
۱۰۸,۱۳۹۳,۳,دقایقی پیش در تهران، هروی,۱۳٬۲۰۰٬۰۰۰٬۰۰۰ تومان,۴ از ۵
۱۰۰,۱۴۰۲,۲,دقایقی پیش در تهران، مرزداران,۱۸٬۰۰۰٬۰۰۰٬۰۰۰ تومان,۱
۱۶۰,۱۴۰۱,۳,دقایقی پیش در تهران، نیاوران,۲۱٬۹۰۰٬۰۰۰٬۰۰۰ تومان,۴
۱۴۷,۱۳۹۵,۳,دقایقی پیش در تهران، پونک,۲۳٬۳۷۰٬۰۰۰٬۰۰۰ تومان,۵ از ۵
۱۳۱,۱۴۰۱,۲,دقایقی پیش در تهران، هروی,۱۵٬۷۲۰٬۰۰۰٬۰۰۰ تومان,۱۰ از ۱۲
۸۱,۱۳۹۲,۲,لحظاتی پیش در تهران، تهرانپارس غربی، خیابان اردیبهشت شمالی (خ. زفرقندی),۶٬۵۰۰٬۰۰۰٬۰۰۰ تومان,۱ از ۴
۸۶,۱۴۰۰,۲,دقایقی پیش در تهران، چیتگر,۷٬۳۵۰٬۰۰۰٬۰۰۰ تومان,۲۲
۹۲,۱۴۰۲,۲,لحظاتی پیش در تهران، سعادت‌آباد,۱۵٬۲۰۰٬۰۰۰٬۰۰۰ تومان,۶ از ۷
۵۰,۱۳۸۵,۱,لحظاتی پیش در تهران، میدان حر، خیابان کمالی (خیابان امام خمینی),۲٬۸۰۰٬۰۰۰٬۰۰۰ تومان,۲ از ۳
۱۷۰,۱۳۸۴,۳,دقایقی پیش در تهران، سعادت‌آباد,۲۷٬۲۵۰٬۰۰۰٬۰۰۰ تومان,۵
۶۲,۱۳۹۱,۲,لحظاتی پیش در تهران، سعادت‌آباد,۸٬۵۵۰٬۰۰۰٬۰۰۰ تومان,۴ از ۴
۶۲,۱۳۸۲,۲,دقایقی پیش در تهران، جیحون، کوچه صیدگر (خ. جیحون),۳٬۷۰۰٬۰۰۰٬۰۰۰ تومان,۱ از ۴
۱۲۷,۱۴۰۱,۳,دقایقی پیش در تهران، پاتریس لومومبا,۱۴٬۷۰۰٬۰۰۰٬۰۰۰ تومان,۱ از ۵
۱۵۰,۱۴۰۲,۳,دقایقی پیش در تهران، کامرانیه، کوچه طاووس (کوچه طاووس),۳۲٬۰۰۰٬۰۰۰٬۰۰۰ تومان,۱ از ۵
۱۲۸,۱۴۰۲,۳,لحظاتی پیش در تهران، شهرک غرب,۲۳٬۰۰۰٬۰۰۰٬۰۰۰ تومان,۵ از ۵
۱۲۰,۱۳۸۳,۲,لحظاتی پیش در تهران، سعادت‌آباد، میدان کاج (کوچه کاج),۱۶٬۸۰۰٬۰۰۰٬۰۰۰ تومان,۱
۹۰,قبل از ۱۳۷۰,۲,دقایقی پیش در تهران، چیذر,۱۰٬۸۰۰٬۰۰۰٬۰۰۰ تومان,۳ از ۳
۷۷,۱۳۸۲,۲,دقایقی پیش در تهران، جیحون,۴٬۹۵۰٬۰۰۰٬۰۰۰ تومان,۲
۱۱۲,۱۴۰۲,۲,لحظاتی پیش در تهران، هروی، خیابان مژده (خ. وفامنش),۱۴٬۵۰۰٬۰۰۰٬۰۰۰ تومان,۸ از ۱۱
۹۸۰,۱۴۰۲,۲,لحظاتی پیش در تهران، صادقیه، فلکه اول صادقیه (ستارخان) (خیابان ستارخان),۱۳۷٬۵۰۰٬۰۰۰٬۰۰۰ تومان,۵ از ۵
۱۳۸,۱۴۰۲,۳,دقایقی پیش در تهران، چیتگر,۱٬۶۵۶٬۰۰۰٬۰۰۰ تومان,۱۲
۱۰۵,۱۳۹۳,۲,دقایقی پیش در تهران، جنت‌آباد جنوبی,۱۰٬۶۰۰٬۰۰۰٬۰۰۰ تومان,۳ از ۵
۷۸,۱۴۰۲,۲,دقایقی پیش در تهران، وردآورد,۵٬۱۰۰٬۰۰۰٬۰۰۰ تومان,۴ از ۶
۹۸,۱۳۸۴,۲,دقایقی پیش در تهران، گیشا (کوی نصر),۱۱٬۰۰۰٬۰۰۰٬۰۰۰ تومان,۲
۸۵,۱۳۸۶,۲,دقایقی پیش در تهران، صادقیه، فلکه دوم صادقیه (بزرگراه جناح),۲٬۰۰۰٬۰۰۰٬۰۰۰ تومان,۳ از ۴
۱۸۳,۱۳۹۹,۳,دقایقی پیش در تهران، فرمانیه,۳۵٬۰۰۰٬۰۰۰٬۰۰۰ تومان,۳ از ۵
۱۹۴,۱۴۰۲,۳,لحظاتی پیش در تهران، پاسداران,۲۱٬۹۲۲٬۰۰۰٬۰۰۰ تومان,۱۱ از ۱۱
۱۳۱,۱۴۰۰,۲,دقایقی پیش در تهران، شهرک امید,۱۶٬۳۰۰٬۰۰۰٬۰۰۰ تومان,۱۴
۹۳,۱۴۰۲,۲,دقایقی پیش در تهران، چیتگر,۸٬۵۵۰٬۰۰۰٬۰۰۰ تومان,۱۷
۶۳,۱۳۹۲,۱,دقایقی پیش در تهران، تهران‌سر,۴٬۸۰۰٬۰۰۰٬۰۰۰ تومان,۱ از ۵
۳۰۰,۱۴۰۱,۳,لحظاتی پیش در تهران، ولنجک,۹۰٬۰۰۰٬۰۰۰٬۰۰۰ تومان,۱۱ از ۱۲
۱۳۴,۱۳۸۸,۲,لحظاتی پیش در تهران، شهرک راه‌آهن,۱۱٬۵۰۰٬۰۰۰٬۰۰۰ تومان,۱ از ۳
۲۰۰,۱۳۹۷,۳,لحظاتی پیش در تهران، الهیه,۳۶٬۰۰۰٬۰۰۰٬۰۰۰ تومان,۶ از ۸
۹۰,۱۴۰۰,۲,لحظاتی پیش در تهران، زنجان,۶٬۷۰۰٬۰۰۰٬۰۰۰ تومان,۱ از ۵
۱۴۱,۱۴۰۱,۳,لحظاتی پیش در تهران، سعادت‌آباد,۳۸٬۰۰۰٬۰۰۰٬۰۰۰ تومان,۳
۱۰۳,۱۴۰۲,۲,دقایقی پیش در تهران، پاسداران,۱۲٬۷۷۲٬۰۰۰٬۰۰۰ تومان,۴
۱۱۰,۱۳۸۹,۲,دقایقی پیش در تهران، نیاوران,۱۵٬۵۰۰٬۰۰۰٬۰۰۰ تومان,۱ از ۵
۱۳۲,۱۳۹۵,۳,دقایقی پیش در تهران، کوی فردوس,۱۲٬۹۵۰٬۰۰۰٬۰۰۰ تومان,۲
۱۰۶,۱۴۰۲,۲,دقایقی پیش در تهران، هروی,۱۳٬۷۸۰٬۰۰۰٬۰۰۰ تومان,۶
۱۲۵,۱۳۹۷,۲,دقایقی پیش در تهران، پونک,۱۲٬۸۰۰٬۰۰۰٬۰۰۰ تومان,۳ از ۵
۱۲۸,۱۴۰۲,۲,دقایقی پیش در تهران، دریاچه شهدای خلیج فارس,۳٬۲۰۰٬۰۰۵٬۰۰۰ تومان,۶ از ۱۱
۱۰۶,۱۳۹۹,۲,دقایقی پیش در تهران، جنت‌آباد مرکزی,۱۴٬۳۹۰٬۰۰۰٬۰۰۰ تومان,۶
۱۳۰,۱۴۰۱,۳,دقایقی پیش در تهران، پاسداران,۱۴٬۶۵۰٬۰۰۰٬۰۰۰ تومان,۷
۹۴,۱۴۰۲,۲,دقایقی پیش در تهران، وردآورد,۲٬۳۰۰٬۰۰۰٬۰۰۰ تومان,۸ از ۱۱
۹۰,۱۳۹۴,۲,دقایقی پیش در تهران، سلیمانی,۴٬۳۰۰٬۰۰۰٬۰۰۰ تومان,۲ از ۴
۹۶,۱۴۰۱,۲,دقایقی پیش در تهران، مبارک‌آباد بهشتی,۲٬۷۵۰٬۰۰۰٬۰۰۰ تومان,۲ از ۳
۱۱۰,۱۴۰۱,۳,دقایقی پیش در تهران، پاسداران,۱۲٬۷۰۰٬۰۰۰٬۰۰۰ تومان,۶
۱۶۷,۱۳۹۴,۳,دقایقی پیش در تهران، بهجت‌آباد,۱۶٬۸۰۰٬۰۰۰٬۰۰۰ تومان,۴ از ۵
۱۴۰,۱۳۸۲,۳,دقایقی پیش در تهران، سعادت‌آباد,۱۹٬۰۰۰٬۰۰۰٬۰۰۰ تومان,۱ از ۲
۱۱۰,۱۴۰۰,۲,دقایقی پیش در تهران، پاسداران,۱۲٬۷۵۰٬۰۰۰٬۰۰۰ تومان,۳
۱۰۰,۱۴۰۲,۱,دقایقی پیش در تهران، سرو آزاد,۳٬۳۵۰٬۰۰۰٬۰۰۰ تومان,۲۴ از ۳۰
۵۵,۱۳۹۸,۱,دقایقی پیش در تهران، شهرک تختی,۱٬۷۰۵٬۰۰۰٬۰۰۰ تومان,۲
۱۸۳,۱۴۰۲,۳,دقایقی پیش در تهران، هروی,۲۰٬۶۷۹٬۰۰۰٬۰۰۰ تومان,۴
۱۳۰,۱۴۰۲,۳,دقایقی پیش در تهران، چیتگر,۴٬۲۲۰٬۰۰۰٬۰۰۰ تومان,۲۰ از ۲۰
۱۱۱,۱۳۹۷,۳,دقایقی پیش در تهران، سعادت‌آباد,۲۴٬۰۰۰٬۰۰۰٬۰۰۰ تومان,۵
۸۸,۱۴۰۲,۲,دقایقی پیش در تهران، دولاب,۵٬۵۴۴٬۰۰۰٬۰۰۰ تومان,۴
۱۵۷,۱۴۰۱,۳,لحظاتی پیش در تهران، سعادت‌آباد,۲۸٬۵۰۰٬۰۰۰٬۰۰۰ تومان,۱ از ۵
۷۰,۱۳۸۸,۲,دقایقی پیش در تهران، ارم,۶٬۸۰۰٬۰۰۰٬۰۰۰ تومان,۲ از ۴
۱۲۰,۱۳۹۷,۳,دقایقی پیش در تهران، ظفر,۱۸٬۰۰۰٬۰۰۰٬۰۰۰ تومان,۴ از ۶
۱۰۰,۱۴۰۲,۲,دقایقی پیش در تهران، وردآورد,۲٬۴۰۰٬۰۰۰٬۰۰۰ تومان,۱۱ از ۱۵
۸۶,قبل از ۱۳۷۰,۲,دقایقی پیش در تهران، دولت‌آباد,۴٬۵۰۰٬۰۰۰٬۰۰۰ تومان,همکف
۵۸,۱۴۰۲,۲,دقایقی پیش در تهران، تهران‌سر,۴٬۰۸۹٬۰۰۰٬۰۰۰ تومان,۳ از ۶
۳۲۰,۱۴۰۲,۴,دقایقی پیش در تهران، دروس,۹۰٬۰۰۰٬۰۰۰٬۰۰۰ تومان,۵ از ۶
۱۰۵,۱۳۷۱,۲,دقایقی پیش در تهران، قلهک,۱۵٬۰۰۰٬۰۰۰٬۰۰۰ تومان,همکف از ۲
۴۴,۱۳۹۵,۱,دقایقی پیش در تهران، فلاح,۲٬۴۸۰٬۰۰۰٬۰۰۰ تومان,۳ از ۳
۱۸۳,۱۴۰۲,۳,لحظاتی پیش در تهران، هروی,۲۰٬۶۷۹٬۰۰۰٬۰۰۰ تومان,۴
۶۸,۱۳۸۱,۲,لحظاتی پیش در تهران، المهدی,۶٬۲۵۰٬۰۰۰٬۰۰۰ تومان,۲ از ۴
۵۱,۱۳۹۰,۱,لحظاتی پیش در تهران، امیریه,۲٬۲۰۰٬۰۰۰٬۰۰۰ تومان,۴ از ۵
۱۰۶,۱۴۰۲,۲,لحظاتی پیش در تهران، هروی,۱۳٬۷۸۰٬۰۰۰٬۰۰۰ تومان,۶
۵۷,۱۳۸۷,۱,لحظاتی پیش در تهران، امیریه,۱٬۹۸۰٬۰۰۰٬۰۰۰ تومان,۳
۵۲,۱۳۸۰,۱,لحظاتی پیش در تهران، منیریه,۲٬۱۸۰٬۰۰۰٬۰۰۰ تومان,۳ از ۴
۵۵,۱۳۸۴,۱,لحظاتی پیش در تهران، امیر بهادر,۲٬۷۲۰٬۰۰۰٬۰۰۰ تومان,۱ از ۴
۵۷,۱۳۸۷,۱,لحظاتی پیش در تهران، امیریه,۲٬۳۵۰٬۰۰۰٬۰۰۰ تومان,۱ از ۴
۵۲,۱۳۸۷,۱,لحظاتی پیش در تهران، منیریه,۲٬۶۹۰٬۰۰۰٬۰۰۰ تومان,۲ از ۴
۵۳,۱۳۸۲,۱,لحظاتی پیش در تهران، امیر بهادر,۱٬۶۵۰٬۰۰۰٬۰۰۰ تومان,زیرهمکف از ۴
۲۰۰,۱۳۸۲,۳,لحظاتی پیش در تهران، قلهک,۲۶٬۶۰۰٬۰۰۰٬۰۰۰ تومان,۳ از ۵
۶۵,۱۳۸۲,۲,لحظاتی پیش در تهران، مشیریه,۳٬۰۵۰٬۰۰۰٬۰۰۰ تومان,۱ از ۴
۴۲,۱۳۹۲,۱,دقایقی پیش در تهران، امیریه، خیابان ولیعصر,۲٬۰۰۰٬۰۰۰٬۰۰۰ تومان,۱ از ۴
۵۳,۱۳۹۸,۱,لحظاتی پیش در تهران، اندیشه (شهر زیبا),۹۵۰٬۰۰۰٬۰۰۰ تومان,۱
۵۰,۱۴۰۲,۱,دقایقی پیش در تهران، پونک,۳٬۹۰۰٬۰۰۰٬۰۰۰ تومان,۴
۱۰۰,۱۴۰۲,۲,دقایقی پیش در تهران، دریاچه شهدای خلیج فارس، بلوار اردستانی (آزادراه تهران),۲٬۵۰۰٬۰۰۰٬۰۰۰ تومان,۱۵ از ۱۵
۳۵۰,۱۴۰۱,۴,دقایقی پیش در تهران، نیاوران,۸۳٬۰۰۰٬۰۰۰٬۰۰۰ تومان,۶ از ۸
۴۶,۱۳۹۹,۱,دقایقی پیش در تهران، سلسبیل,۲٬۵۳۰٬۰۰۰٬۰۰۰ تومان,۲
۱۱۷,۱۴۰۱,۲,دقایقی پیش در تهران، صادقیه,۱۲٬۳۹۰٬۰۰۰٬۰۰۰ تومان,۱ از ۵
۶۳,۱۳۹۷,۲,دقایقی پیش در تهران، اندیشه (شهر زیبا),۱٬۲۶۰٬۰۰۰٬۰۰۰ تومان,۲ از ۳
۶۰,۱۳۸۴,۲,لحظاتی پیش در تهران، میدان حر,۴٬۲۰۰٬۰۰۰٬۰۰۰ تومان,۵
۱۵۵,۱۳۹۸,۳,لحظاتی پیش در تهران، اراج,۲۷٬۰۰۰٬۰۰۰٬۰۰۰ تومان,۳ از ۴
۶۷,۱۳۸۳,۲,لحظاتی پیش در تهران، پونک,۵٬۷۶۰٬۰۰۰٬۰۰۰ تومان,۵ از ۶
۱۳۳,۱۳۸۵,۲,لحظاتی پیش در تهران، نیاوران,۲۱٬۵۰۰٬۰۰۰٬۰۰۰ تومان,۳ از ۵
۲۳۰,۱۳۹۵,۳,دقایقی پیش در تهران، دروس,۴۷٬۰۰۰٬۰۰۰٬۰۰۰ تومان,۵ از ۵
۸۶,۱۳۸۴,۲,دقایقی پیش در تهران، سازمان برنامه,۶٬۹۰۰٬۰۰۰٬۰۰۰ تومان,همکف
۱۵۵,۱۳۹۹,۳,دقایقی پیش در تهران، سعادت‌آباد,۳۳٬۵۰۰٬۰۰۰٬۰۰۰ تومان,۴
۱۲۰,۱۴۰۲,۲,دقایقی پیش در تهران، دریاچه شهدای خلیج فارس,۲٬۱۵۰٬۰۰۰٬۰۰۰ تومان,۱۰ از ۱۶
۱۲۷,۱۳۹۷,۳,دقایقی پیش در تهران، جنت‌آباد جنوبی,۱۱٬۸۸۰٬۰۰۰٬۰۰۰ تومان,۴
۹۸,۱۳۹۶,۲,لحظاتی پیش در تهران، جنت‌آباد شمالی,۹٬۴۹۰٬۰۰۰٬۰۰۰ تومان,۵ از ۵
۱۶۲,۱۴۰۲,۳,لحظاتی پیش در تهران، دریاچه شهدای خلیج فارس، خیابان اردستانی,۹٬۵۰۰٬۰۰۰٬۰۰۰ تومان,۱۹
۶۴,۱۴۰۰,۱,لحظاتی پیش در تهران، مبارک‌آباد بهشتی,۱٬۹۵۲٬۰۰۰٬۰۰۰ تومان,۳
۲۰۹,۱۴۰۰,۴,لحظاتی پیش در تهران، الهیه,۵۳٬۰۰۰٬۰۰۰٬۰۰۰ تومان,۴
۴۴,۱۳۸۳,۱,دقایقی پیش در تهران، سلسبیل,۲٬۲۵۰٬۰۰۰٬۰۰۰ تومان,۲
۴۹,۱۳۹۹,۱,دقایقی پیش در تهران، مبارک‌آباد بهشتی,۱٬۷۵۰٬۰۰۰٬۰۰۰ تومان,۱
۷۰,۱۴۰۰,۲,دقایقی پیش در تهران، دیلمان,۲٬۰۰۰٬۰۰۰٬۰۰۰ تومان,۱
۶۰,۱۴۰۲,۲,"دقایقی پیش در تهران، مبارک‌آباد بهشتی,خونه معامله نکن تا کارشناسیش نکردی",۱٬۹۲۰٬۰۰۰٬۰۰۰ تومان,۲
۱۴۵,۱۳۸۲,۳,دقایقی پیش در تهران، یوسف‌آباد,۱۶٬۶۰۰٬۰۰۰٬۰۰۰ تومان,۶ از ۶
۹۰,۱۴۰۲,۲,دقایقی پیش در تهران، جنت‌آباد جنوبی، میدان چهار باغ,۱۲٬۶۸۰٬۰۰۰٬۰۰۰ تومان,۵ از ۵
۹۸,۱۳۹۰,۲,دقایقی پیش در تهران، پونک,۹٬۵۰۰٬۰۰۰٬۰۰۰ تومان,۱ از ۵
۹۵,۱۳۹۲,۲,دقایقی پیش در تهران، پونک,۱۰٬۵۰۰٬۰۰۰٬۰۰۰ تومان,۳ از ۵
۱۱۰,۱۳۹۷,۲,دقایقی پیش در تهران، شهران جنوبی,۱۱٬۰۰۰٬۰۰۰٬۰۰۰ تومان,۵ از ۵
۱۲۵,۱۳۹۹,۲,دقایقی پیش در تهران، جردن,۱۶٬۵۰۰٬۰۰۰٬۰۰۰ تومان,۱
۷۲,۱۴۰۲,۲,دقایقی پیش در تهران، مبارک‌آباد بهشتی,۲٬۰۱۶٬۰۰۰٬۰۰۰ تومان,۲
۱۵۵,۱۴۰۲,۳,لحظاتی پیش در تهران، شهرک راه‌آهن,۱۵۵٬۰۰۰٬۰۰۰٬۰۰۰ تومان,۳ از ۳
۷۱,۱۳۹۶,۲,دقایقی پیش در تهران، مبارک‌آباد بهشتی,۲٬۱۰۰٬۰۰۰٬۰۰۰ تومان,۳
۴۱,۱۳۹۶,۱,دقایقی پیش در تهران، فلاح,۲٬۰۵۰٬۰۰۰٬۰۰۰ تومان,۱
۷۰,۱۴۰۱,۲,دقایقی پیش در تهران، مبارک‌آباد بهشتی,۱٬۹۰۰٬۰۰۰٬۰۰۰ تومان,۴
۱۰۰,۱۴۰۲,۲,دقایقی پیش در تهران، دریاچه شهدای خلیج فارس,۲٬۲۰۰٬۰۰۰٬۰۰۰ تومان,۱۵ از ۲۲
۱۸۷,۱۳۹۰,۳,دقایقی پیش در تهران، سعادت‌آباد,۳۹٬۰۰۰٬۰۰۰٬۰۰۰ تومان,۳
۸۴,۱۳۹۴,۲,دقایقی پیش در تهران، نازی‌آباد,۷٬۱۰۰٬۰۰۰٬۰۰۰ تومان,۴ از ۵
۷۳,۱۳۹۶,۱,دقایقی پیش در تهران، ولنجک,۱۷٬۵۰۰٬۰۰۰٬۰۰۰ تومان,۳
۵۸,۱۳۹۵,۱,دقایقی پیش در تهران، کوی فردوس,۵٬۴۰۰٬۰۰۰٬۰۰۰ تومان,۳
۶۵,۱۳۹۶,۲,"دقایقی پیش در تهران، جنت‌آباد جنوبی,خونه معامله نکن تا کارشناسیش نکردی",۷٬۱۵۰٬۰۰۰٬۰۰۰ تومان,۱
۴۶,۱۴۰۲,۱,دقایقی پیش در تهران، جیحون,۲٬۹۰۰٬۰۰۰٬۰۰۰ تومان,۳ از ۴
۶۵,۱۴۰۲,۱,دقایقی پیش در تهران، خزانه,۳٬۹۰۰٬۰۰۰٬۰۰۰ تومان,۵
۱۰۴,۱۴۰۲,۲,دقایقی پیش در تهران، چیتگر، میدان ساحل (بلوار علامه قزوینی),۱٬۳۰۰٬۰۰۰٬۰۰۰ تومان,۱۱ از ۱۳
۱۲۲,۱۴۰۱,۲,لحظاتی پیش در تهران، فرمانیه,۱۵٬۸۶۰٬۰۰۰٬۰۰۰ تومان,۲ از ۱۱
۷۰,۱۳۷۴,۲,دقایقی پیش در تهران، زنجان، خیابان بهنود (کنارگذر یادگار امام),۴٬۹۰۰٬۰۰۰٬۰۰۰ تومان,۳
۱۲۰,۱۴۰۱,۲,لحظاتی پیش در تهران، ولنجک,۱۱۱٬۱۱۱٬۱۱۱٬۱۱۱ تومان,۶ از ۶
۱۱۹,۱۴۰۱,۳,لحظاتی پیش در تهران، چیتگر، میدان آزادی,۱٬۶۵۴٬۰۰۰٬۰۰۰ تومان,۱۴ از ۲۷
۱۰۸,۱۳۸۷,۳,لحظاتی پیش در تهران، شهرک مسلمین,۴٬۶۴۴٬۰۰۰٬۰۰۰ تومان,۳
۶۸,۱۴۰۱,۱,دقایقی پیش در تهران، مبارک‌آباد بهشتی,۱٬۷۵۰٬۰۰۰٬۰۰۰ تومان,۲
۵۰,۱۳۸۴,۱,دقایقی پیش در تهران، بریانک,۳٬۱۰۰٬۰۰۰٬۰۰۰ تومان,۲
۶۲,۱۴۰۰,۲,دقایقی پیش در تهران، مبارک‌آباد بهشتی,۱٬۷۵۰٬۰۰۰٬۰۰۰ تومان,۴
۱۳۰,۱۳۹۸,۳,"لحظاتی پیش در تهران، هروی,خونه معامله نکن تا کارشناسیش نکردی",۱۷٬۵۰۰٬۰۰۰٬۰۰۰ تومان,۷
۷۳,۱۳۸۴,۲,دقایقی پیش در تهران، گیشا (کوی نصر),۷٬۳۰۰٬۰۰۰٬۰۰۰ تومان,۱
۸۱,۱۳۸۵,۲,دقایقی پیش در تهران، سعادت‌آباد,۹٬۸۰۰٬۰۰۰٬۰۰۰ تومان,۳ از ۵
۹۰,۱۳۹۱,۲,دقایقی پیش در تهران، جنت‌آباد جنوبی، میدان چهار باغ,۸٬۶۰۰٬۰۰۰٬۰۰۰ تومان,۳
۸۰,۱۴۰۱,۲,نیم ساعت پیش در تهران، استاد معین,۶٬۲۰۰٬۰۰۰٬۰۰۰ تومان,۴
۱۵۰,۱۴۰۰,۳,یک ربع پیش در تهران، امانیه,۲۴٬۰۰۰٬۰۰۰٬۰۰۰ تومان,۱ از ۵
۱۱۵,۱۳۹۹,۲,دقایقی پیش در تهران، یوسف‌آباد,۱۸٬۰۰۰٬۰۰۰٬۰۰۰ تومان,۱ از ۵
۶۳,۱۴۰۰,۱,یک ربع پیش در تهران، مبارک‌آباد بهشتی,۱٬۹۲۶٬۰۰۰٬۰۰۰ تومان,۳ از ۵
۱۰۳,۱۳۹۵,۲,یک ربع پیش در تهران، شهرک راه‌آهن,۷٬۶۲۰٬۰۰۰٬۰۰۰ تومان,۱
۱۵۷,۱۳۸۷,۳,دقایقی پیش در تهران، سعادت‌آباد,۲۰٬۰۰۰٬۰۰۰٬۰۰۰ تومان,۲ از ۵
۱۲۵,۱۳۸۵,۲,دقایقی پیش در تهران، آجودانیه، کوچه سپهری (هشتم شرقی) (کنارگذر سباری),۱۹٬۰۰۰٬۰۰۰٬۰۰۰ تومان,۱
۱۰۰,۱۳۹۷,۲,دقایقی پیش در تهران، درب دوم,۱۴٬۵۰۰٬۰۰۰٬۰۰۰ تومان,۱
۸۸,۱۴۰۱,۲,یک ربع پیش در تهران، اکباتان,۱۰٬۶۰۰٬۰۰۰٬۰۰۰ تومان,+۳۰
۵۱,۱۳۹۰,۱,یک ربع پیش در تهران، جوادیه,۲٬۵۵۰٬۰۰۰٬۰۰۰ تومان,۳ از ۴
۹۹,۱۳۷۵,۱,نیم ساعت پیش در تهران، شکوفه، میدان شکوفه,۴٬۳۵۶٬۰۰۰٬۰۰۰ تومان,زیرهمکف
۴۷,۱۳۸۰,۱,دقایقی پیش در تهران، مسعودیه,۲٬۰۰۰٬۰۰۰٬۰۰۰ تومان,۲
۶۸,۱۳۷۵,۲,نیم ساعت پیش در تهران، جنت‌آباد مرکزی، کوچه چهره خند (خ. شانزده متری اول شمالی),۶٬۸۰۰٬۰۰۰٬۰۰۰ تومان,۱ از ۴
۱۰۷,۱۳۹۴,۲,نیم ساعت پیش در تهران، امیرآباد,۲۰٬۰۰۰٬۰۰۰٬۰۰۰ تومان,۲
۸۵,۱۴۰۲,۲,نیم ساعت پیش در تهران، سعادت‌آباد,۱۶٬۰۰۰٬۰۰۰٬۰۰۰ تومان,۱
۶۲,۱۴۰۰,۲,دقایقی پیش در تهران، مبارک‌آباد بهشتی,۱٬۷۵۰٬۰۰۰٬۰۰۰ تومان,۴
۷۱,۱۳۹۶,۲,نیم ساعت پیش در تهران، خواجه نظام الملک، خیابان پلیس (ب. صیاد شیرازی),۵٬۱۰۰٬۰۰۰٬۰۰۰ تومان,۲ از ۴
۱۳۳,۱۳۸۱,۳,دقایقی پیش در تهران، ایران,۱۰٬۶۰۰٬۰۰۰٬۰۰۰ تومان,۵ از ۵
۸۹,۱۴۰۰,۲,دقایقی پیش در تهران، مبارک‌آباد بهشتی,۲٬۴۰۳٬۰۰۰٬۰۰۰ تومان,۲
۷۵,۱۳۹۹,۲,نیم ساعت پیش در تهران، شهرک راه‌آهن,۷٬۶۰۰٬۰۰۰٬۰۰۰ تومان,۱
۵۰,۱۳۹۱,۱,دقایقی پیش در تهران، دریاچه شهدای خلیج فارس,۱٬۵۰۰٬۰۰۰٬۰۰۰ تومان,۲ از ۳
۸۵,۱۳۸۷,۲,نیم ساعت پیش در تهران، ولنجک,۱۶٬۲۰۰٬۰۰۰٬۰۰۰ تومان,۹